cnpj_raiz_8,ano,entidade,origem_universo,pares_pagantes,valor_mides,classificacao_anterior_painel,grupo_conciliacao,classificacao_conciliada,tratamento_dados,n_unidades_moveis_dezembro,n_estruturas_nao_clinicas_dezembro,cnes_dezembro,tipos_cnes_dezembro,municipios_cadastro_dezembro,cnes_com_tipo_clinico_em_algum_mes,inicio_servico_documentado,fundamento,fonte_decisao,fonte_documental_aplicada,referencias_contextuais_nao_automaticamente_anuais,alcance_contexto_original,fonte_cnes_url,fonte_cnes_sha256,competencia_cnes,polo_clinico_anual_recuperado,limite,data_conciliacao
71203715,2014,CIS CIRCUITO DAS AGUAS,original_84,20,13284521.07,programas_fixos_documentados_sem_cnes_e_endereco,redes_indiretas_ou_programas,programas_fixos_documentados_sem_cnes_e_endereco,excluir_destino_fixo,0,0,,,,,,"Documento da Fhemig registra gestao de servicos regionais de atencao secundaria entre janeiro de 2014 e dezembro de 2016, incluindo Centro Viva Vida, saude mental, CEO e farmacia",outputs/decisoes_documentais_91_entidades_ano.csv; evidencias/decisoes_sete_entidades_2026_09_10.csv,https://www.fhemig.mg.gov.br/files/3070/ConsorcioEntidades-Filantropicas---CSSFe/33901/Ata-de-Julgamento---CSSFE--Edital-06/2024.pdf?preview=1,https://www.ciscircuitodasaguas.org.br/ | https://www.fhemig.mg.gov.br/files/3070/ConsorcioEntidades-Filantropicas---CSSFe/33901/Ata-de-Julgamento---CSSFE--Edital-06/2024.pdf?preview=1,2014-2015,ftp://ftp.datasus.gov.br/dissemin/publicos/CNES/200508_/Dados/ST/STMG1412.dbc,efa555a5e62775fff13d7366f0fa0c8bd808333cabf0219999ac6d9831919062,201412,FALSE,CNES direto por CNPJ em dezembro; ausencia nao prova inexistencia de atendimento terceirizado.,2026-09-24
17813026,2014,CISDESTE,original_84,91,4305966.62,sem_classificacao_anual_no_painel,movel_regulacao_ou_transporte,oferta_movel_cadastrada,especificacao_movel; nao_usar_central_como_clinica,40,2,7467184 | 7476809 | 7478267 | 7539932 | 7539940 | 7539967 | 7539975 | 7539983 | 7539991 | 7540000 | 7540019 | 7540035 | 7541090 | 7541104 | 7541120 | 7545509 | 7545517 | 7548044 | 7548052 | 7548109 | 7548125 | 7548133 | 7554184 | 7570678 | 7572085 | 7572336 | 7572379 | 7572387 | 7572417 | 7572425 | 7575289 | 7575319 | 7588348 | 7588356 | 7588364 | 7588372 | 7588399 | 7588402 | 7588410 | 7588429 | 7588437 | 7594488,42 | 76,310150 | 310280 | 310460 | 310690 | 310750 | 311330 | 311530 | 312400 | 312420 | 312595 | 312738 | 313670 | 313800 | 313840 | 313860 | 314080 | 314220 | 314390 | 314820 | 315580 | 315590 | 316070 | 316290 | 316570 | 316990 | 317200,,,Ha unidades moveis diretamente vinculadas na competencia de dezembro.,CNES_ST_dezembro,,,,ftp://ftp.datasus.gov.br/dissemin/publicos/CNES/200508_/Dados/ST/STMG1412.dbc,efa555a5e62775fff13d7366f0fa0c8bd808333cabf0219999ac6d9831919062,201412,FALSE,CNES direto por CNPJ em dezembro; ausencia nao prova inexistencia de atendimento terceirizado.,2026-09-24
03735788,2014,CISLAV,original_84,10,3435458.1,evidencia_insuficiente,demais_sem_destino_clinico_suficientemente_documentado,evidencia_insuficiente,excluir_destino_fixo,0,0,,,,,,Documentacao legislativa confirma a finalidade de apoiar programas de saude; nao identifica unidade ou prestador de 2014-2016,outputs/decisoes_documentais_91_entidades_ano.csv; evidencias/decisoes_sete_entidades_2026_09_10.csv,https://sapl.lavras.mg.leg.br/media/sapl/public/materialegislativa/2024/6/1._ple_021_2024_projeto.pdf,https://cosecsmg.org.br/consorcios/cislav-38 | https://sapl.lavras.mg.leg.br/media/sapl/public/materialegislativa/2024/6/1._ple_021_2024_projeto.pdf,2014-2016,ftp://ftp.datasus.gov.br/dissemin/publicos/CNES/200508_/Dados/ST/STMG1412.dbc,efa555a5e62775fff13d7366f0fa0c8bd808333cabf0219999ac6d9831919062,201412,FALSE,CNES direto por CNPJ em dezembro; ausencia nao prova inexistencia de atendimento terceirizado.,2026-09-24
02401218,2014,CISAP- VP,original_84,15,2890209.53,transporte_documentado_sem_destino_clinico,movel_regulacao_ou_transporte,transporte_documentado_sem_destino_clinico,excluir_destino_fixo,0,0,,,,,,Requerimento municipal de 2015 solicita esclarecimentos sobre empenho de transporte de pacientes a Conselheiro Lafaiete e Belo Horizonte; nao identifica prestador clinico,outputs/decisoes_documentais_91_entidades_ano.csv; evidencias/decisoes_sete_entidades_2026_09_10.csv,https://desterrodeentrerios.cam.mg.gov.br/Salvar_arquivo_Leis.php?INT_ARQ=62222,https://desterrodeentrerios.cam.mg.gov.br/Salvar_arquivo_Leis.php?INT_ARQ=62222 | https://www.congonhas.mg.gov.br/index.php/prefeitura-de-congonhas-participa-da-eleicao-do-presidente-do-cisap-e-fortalece-compromisso-com-a-saude-regional/,2014-2016,ftp://ftp.datasus.gov.br/dissemin/publicos/CNES/200508_/Dados/ST/STMG1412.dbc,efa555a5e62775fff13d7366f0fa0c8bd808333cabf0219999ac6d9831919062,201412,FALSE,CNES direto por CNPJ em dezembro; ausencia nao prova inexistencia de atendimento terceirizado.,2026-09-24
00794962,2014,CISVAS,original_84,10,2855622.92,rede_indireta_sem_destinos_anuais,redes_indiretas_ou_programas,rede_indireta_sem_destinos_anuais,excluir_destino_fixo,0,0,,,,,,A historia institucional confirma contratacao de especialistas desde a criacao; o CNES fixo atual foi cadastrado apenas em 2015 e nao identifica os prestadores de 2014,outputs/decisoes_documentais_91_entidades_ano.csv; evidencias/decisoes_sete_entidades_2026_09_10.csv,https://cisvas.com.br/site/quem-somos/XyHrFE9hJ98-3/atr.aspx,https://cisvas.com.br/site/quem-somos/XyHrFE9hJ98-3/atr.aspx | https://cnes2.datasus.gov.br/Mod_Conjunto.asp?VCo_Unidade=3158207691807,2014,ftp://ftp.datasus.gov.br/dissemin/publicos/CNES/200508_/Dados/ST/STMG1412.dbc,efa555a5e62775fff13d7366f0fa0c8bd808333cabf0219999ac6d9831919062,201412,FALSE,CNES direto por CNPJ em dezembro; ausencia nao prova inexistencia de atendimento terceirizado.,2026-09-24
01999898,2014,CIS CAPARAO,original_84,13,2553723.68,rede_indireta_e_movel_sem_vinculo_de_capacidade,redes_indiretas_ou_programas,rede_indireta_e_movel_sem_vinculo_de_capacidade,excluir_destino_fixo,0,0,,,,,,O sitio oficial descreve profissionais credenciados e remocao por UTI movel; documento municipal de 2014 registra subvenC'C#o ao Hospital Cesar Leite sem provar que o consorcio o mantinha,outputs/decisoes_documentais_91_entidades_ano.csv; evidencias/decisoes_sete_entidades_2026_09_10.csv,https://www.ciscaparao.mg.gov.br/Index.aspx,https://www.ciscaparao.mg.gov.br/Index.aspx | https://www.reduto.mg.gov.br/legislacao-categorias/leis-ordinarias/leis-ordinarias-2013/862-lei-ordinaria-n-362-2013/file,2014-2017,ftp://ftp.datasus.gov.br/dissemin/publicos/CNES/200508_/Dados/ST/STMG1412.dbc,efa555a5e62775fff13d7366f0fa0c8bd808333cabf0219999ac6d9831919062,201412,FALSE,CNES direto por CNPJ em dezembro; ausencia nao prova inexistencia de atendimento terceirizado.,2026-09-24
11636961,2014,CISRUN,original_84,70,2306004.7,sem_classificacao_anual_no_painel,movel_regulacao_ou_transporte,oferta_movel_cadastrada,especificacao_movel; nao_usar_central_como_clinica,37,1,5500303 | 6972632 | 7137133 | 7137141 | 7137168 | 7137176 | 7137184 | 7137192 | 7137206 | 7137214 | 7137222 | 7137230 | 7137249 | 7137257 | 7137265 | 7137273 | 7137281 | 7137303 | 7137311 | 7137346 | 7137354 | 7137362 | 7137370 | 7137389 | 7137397 | 7137400 | 7137419 | 7137427 | 7137435 | 7137443 | 7137451 | 7137486 | 7137494 | 7137508 | 7137516 | 7137524 | 7137532 | 7137540,42 | 76,314330,,,Ha unidades moveis diretamente vinculadas na competencia de dezembro.,CNES_ST_dezembro,,,,ftp://ftp.datasus.gov.br/dissemin/publicos/CNES/200508_/Dados/ST/STMG1412.dbc,efa555a5e62775fff13d7366f0fa0c8bd808333cabf0219999ac6d9831919062,201412,FALSE,CNES direto por CNPJ em dezembro; ausencia nao prova inexistencia de atendimento terceirizado.,2026-09-24
00622039,2014,CISCAXAMBU,candidata_externa_13,8,2263913.59,sem_classificacao_anual_no_painel,demais_sem_destino_clinico_suficientemente_documentado,sem_vinculo_direto_identificado,localizar_prestador_e_vigencia; manter_sem_tempo_clinico,0,0,,,,,,Sem clinica diretamente vinculada recuperada para dezembro; consultar fonte contextual sem retroacao.,CNES_historico_e_contexto_documental,,ftp://ftp.datasus.gov.br/dissemin/publicos/CNES/200508_/Dados/ST/STMG1712.dbc,2017-2021,ftp://ftp.datasus.gov.br/dissemin/publicos/CNES/200508_/Dados/ST/STMG1412.dbc,efa555a5e62775fff13d7366f0fa0c8bd808333cabf0219999ac6d9831919062,201412,FALSE,CNES direto por CNPJ em dezembro; ausencia nao prova inexistencia de atendimento terceirizado.,2026-09-24
01172959,2014,CISNORTE ALTO RIO PARDO,original_84,15,2227064.4,registro_fixo_posterior,cadastro_intrano_ou_posterior,registro_fixo_posterior,excluir_destino_fixo,0,0,,,,,,A unidade atual em Taiobeiras tem cadastro CNES a partir de 2016; nao foi localizada unidade anterior para 2014-2015,outputs/decisoes_documentais_91_entidades_ano.csv; evidencias/decisoes_sete_entidades_2026_09_10.csv,https://cnes2.datasus.gov.br/Mod_Ambulatorial.asp?VCo_Unidade=3168007918747,https://cnes2.datasus.gov.br/Mod_Ambulatorial.asp?VCo_Unidade=3168007918747,2014-2015,ftp://ftp.datasus.gov.br/dissemin/publicos/CNES/200508_/Dados/ST/STMG1412.dbc,efa555a5e62775fff13d7366f0fa0c8bd808333cabf0219999ac6d9831919062,201412,FALSE,CNES direto por CNPJ em dezembro; ausencia nao prova inexistencia de atendimento terceirizado.,2026-09-24
11938399,2014,CISRU-CENTRO SUL,original_84,49,2135909.57,sem_classificacao_anual_no_painel,movel_regulacao_ou_transporte,oferta_movel_cadastrada,especificacao_movel; nao_usar_central_como_clinica,23,1,7003102 | 7042353 | 7042361 | 7042388 | 7042396 | 7042477 | 7042485 | 7042493 | 7042507 | 7042515 | 7042523 | 7042531 | 7048718 | 7048726 | 7048742 | 7048750 | 7048769 | 7048777 | 7048785 | 7048793 | 7048815 | 7048882 | 7048904 | 7048912,42 | 76,310210 | 310560 | 310590 | 311320 | 311800 | 311830 | 312390 | 312940 | 313740 | 313910 | 314450 | 314590 | 315080 | 315420 | 315520 | 316250 | 316500 | 316880,,,Ha unidades moveis diretamente vinculadas na competencia de dezembro.,CNES_ST_dezembro,,,,ftp://ftp.datasus.gov.br/dissemin/publicos/CNES/200508_/Dados/ST/STMG1412.dbc,efa555a5e62775fff13d7366f0fa0c8bd808333cabf0219999ac6d9831919062,201412,FALSE,CNES direto por CNPJ em dezembro; ausencia nao prova inexistencia de atendimento terceirizado.,2026-09-24
13985869,2014,CISSUL,original_84,108,1811474.16,rede_movel_regional_documentada,fase_anterior_operacao_samu,pre_operacao_samu_regional,preservar_pagamento_de_fase_pre_operacional,0,0,,,,,2015-01-31,Relato institucional retrospectivo identifica inicio da operacao em 31 de janeiro de 2015,evidencias/fontes_conciliacao_2026_09_24.csv#cissul_inicio,https://cissul.saude.mg.gov.br/2025/cissul-samu-celebra-10-anos-e-inicia-novo-ciclo-de-conquistas/,https://www.saude.mg.gov.br/noticias/abertura-de-treinamento-para-samu-acontece-em-varginha/ | https://www.saude.mg.gov.br/wp-content/uploads/2014/11/A_agenda_da_saude_publica_WEB-726.pdf,2014,ftp://ftp.datasus.gov.br/dissemin/publicos/CNES/200508_/Dados/ST/STMG1412.dbc,efa555a5e62775fff13d7366f0fa0c8bd808333cabf0219999ac6d9831919062,201412,FALSE,CNES direto por CNPJ em dezembro; ausencia nao prova inexistencia de atendimento terceirizado. Nao mede continuidade diaria nem prova inexistencia de outras atividades antes dessa data,2026-09-24
01058207,2014,CIS GRAO MOGOL,original_84,6,1654024.31,rede_multidestino_documentada_no_fim_da_janela,redes_indiretas_ou_programas,rede_multidestino_documentada_no_fim_da_janela,excluir_destino_fixo,0,0,,,,,,Relato oficial de 2018 documenta consultas e exames e transporte diario para Montes Claros e Francisco Sa nos quatro meses anteriores,outputs/decisoes_documentais_91_entidades_ano.csv; evidencias/decisoes_sete_entidades_2026_09_10.csv,https://cisgraomogol.mg.gov.br/2018/01/25/consorcio-de-saude-atende-1-108-pacientes-em-apenas-quatro-meses-de-gestao/,https://cisgraomogol.mg.gov.br/ | https://cisgraomogol.mg.gov.br/2018/01/25/consorcio-de-saude-atende-1-108-pacientes-em-apenas-quatro-meses-de-gestao/,2014-2017,ftp://ftp.datasus.gov.br/dissemin/publicos/CNES/200508_/Dados/ST/STMG1412.dbc,efa555a5e62775fff13d7366f0fa0c8bd808333cabf0219999ac6d9831919062,201412,FALSE,CNES direto por CNPJ em dezembro; ausencia nao prova inexistencia de atendimento terceirizado.,2026-09-24
13220150,2014,CISNORJE,original_84,58,1453191.57,sem_classificacao_anual_no_painel,movel_regulacao_ou_transporte,oferta_movel_cadastrada,especificacao_movel; nao_usar_central_como_clinica,26,1,7096313 | 7135017 | 7135025 | 7135033 | 7135041 | 7135068 | 7135076 | 7135084 | 7135092 | 7135106 | 7135130 | 7135203 | 7135211 | 7135254 | 7135262 | 7135270 | 7135289 | 7135297 | 7135300 | 7135319 | 7135335 | 7135343 | 7135351 | 7135378 | 7135386 | 7135394 | 7240260,42 | 76,316860,,,Ha unidades moveis diretamente vinculadas na competencia de dezembro.,CNES_ST_dezembro,,,,ftp://ftp.datasus.gov.br/dissemin/publicos/CNES/200508_/Dados/ST/STMG1412.dbc,efa555a5e62775fff13d7366f0fa0c8bd808333cabf0219999ac6d9831919062,201412,FALSE,CNES direto por CNPJ em dezembro; ausencia nao prova inexistencia de atendimento terceirizado.,2026-09-24
00931990,2014,CISCOM,candidata_externa_13,5,1349891.88,sem_classificacao_anual_no_painel,demais_sem_destino_clinico_suficientemente_documentado,sem_vinculo_direto_identificado,localizar_prestador_e_vigencia; manter_sem_tempo_clinico,0,0,,,,,,Sem clinica diretamente vinculada recuperada para dezembro; consultar fonte contextual sem retroacao.,CNES_historico_e_contexto_documental,,https://abaete.mg.gov.br/wp-content/uploads/2025/06/PMS-Abaete-2022-2025.pdf,2017-2021,ftp://ftp.datasus.gov.br/dissemin/publicos/CNES/200508_/Dados/ST/STMG1412.dbc,efa555a5e62775fff13d7366f0fa0c8bd808333cabf0219999ac6d9831919062,201412,FALSE,CNES direto por CNPJ em dezembro; ausencia nao prova inexistencia de atendimento terceirizado.,2026-09-24
00784548,2014,CONSONORTE,original_84,7,1277818.47,evidencia_insuficiente,demais_sem_destino_clinico_suficientemente_documentado,evidencia_insuficiente,excluir_destino_fixo,0,0,,,,,,Nao foi localizado prestador ou polo anual identificavel; a literatura institucional apenas confirma a existencia do consorcio de saude no periodo,outputs/decisoes_documentais_91_entidades_ano.csv; evidencias/decisoes_sete_entidades_2026_09_10.csv,https://repositorio.fjp.mg.gov.br/items/c5bf1126-785a-4bd8-a68c-95c5f00c3125,https://repositorio.fjp.mg.gov.br/items/c5bf1126-785a-4bd8-a68c-95c5f00c3125,2014-2018,ftp://ftp.datasus.gov.br/dissemin/publicos/CNES/200508_/Dados/ST/STMG1412.dbc,efa555a5e62775fff13d7366f0fa0c8bd808333cabf0219999ac6d9831919062,201412,FALSE,CNES direto por CNPJ em dezembro; ausencia nao prova inexistencia de atendimento terceirizado.,2026-09-24
01208564,2014,CISMIP,candidata_externa_13,8,1249930.96,sem_classificacao_anual_no_painel,demais_sem_destino_clinico_suficientemente_documentado,sem_vinculo_direto_identificado,localizar_prestador_e_vigencia; manter_sem_tempo_clinico,0,0,,,,,,Sem clinica diretamente vinculada recuperada para dezembro; consultar fonte contextual sem retroacao.,CNES_historico_e_contexto_documental,,https://www.camaraguape.mg.gov.br/abrir_arquivo.aspx?arquivo=%7BBBA1ED7E-EBAD-666B-AD76-0C1BCDA3BCAB%7D.pdf&cdLocal=7 | https://cnes2.datasus.gov.br/Mod_Basico.asp?VCo_Unidade=3147909639691,2018-2021,ftp://ftp.datasus.gov.br/dissemin/publicos/CNES/200508_/Dados/ST/STMG1412.dbc,efa555a5e62775fff13d7366f0fa0c8bd808333cabf0219999ac6d9831919062,201412,FALSE,CNES direto por CNPJ em dezembro; ausencia nao prova inexistencia de atendimento terceirizado.,2026-09-24
01257142,2014,CISSM,candidata_externa_13,8,1203123.13,sem_classificacao_anual_no_painel,demais_sem_destino_clinico_suficientemente_documentado,sem_vinculo_direto_identificado,localizar_prestador_e_vigencia; manter_sem_tempo_clinico,0,0,,,,,,Sem clinica diretamente vinculada recuperada para dezembro; consultar fonte contextual sem retroacao.,CNES_historico_e_contexto_documental,,https://tcnotas.tce.mg.gov.br/tcjuris/Nota/BuscarArquivo/4169429,2018-2021,ftp://ftp.datasus.gov.br/dissemin/publicos/CNES/200508_/Dados/ST/STMG1412.dbc,efa555a5e62775fff13d7366f0fa0c8bd808333cabf0219999ac6d9831919062,201412,FALSE,CNES direto por CNPJ em dezembro; ausencia nao prova inexistencia de atendimento terceirizado.,2026-09-24
03869109,2014,CISMMA,candidata_externa_13,9,1202964.72,sem_classificacao_anual_no_painel,demais_sem_destino_clinico_suficientemente_documentado,sem_vinculo_direto_identificado,localizar_prestador_e_vigencia; manter_sem_tempo_clinico,0,0,,,,,,Sem clinica diretamente vinculada recuperada para dezembro; consultar fonte contextual sem retroacao.,CNES_historico_e_contexto_documental,,https://www.manga.mg.gov.br/noticias/cismma-elege-chapa-bienio-2019-2020-e-faz-prestacao-de-contas-do-ultimo-bienio | https://cnes2.datasus.gov.br/Mod_Ambulatorial.asp?VCo_Unidade=3139300077615,2019-2021,ftp://ftp.datasus.gov.br/dissemin/publicos/CNES/200508_/Dados/ST/STMG1412.dbc,efa555a5e62775fff13d7366f0fa0c8bd808333cabf0219999ac6d9831919062,201412,FALSE,CNES direto por CNPJ em dezembro; ausencia nao prova inexistencia de atendimento terceirizado.,2026-09-24
01124788,2014,CONSARDOCE,candidata_externa_13,5,895352.12,sem_classificacao_anual_no_painel,demais_sem_destino_clinico_suficientemente_documentado,sem_vinculo_direto_identificado,localizar_prestador_e_vigencia; manter_sem_tempo_clinico,0,0,,,,,,Sem clinica diretamente vinculada recuperada para dezembro; consultar fonte contextual sem retroacao.,CNES_historico_e_contexto_documental,,https://tcnotas.tce.mg.gov.br/tcjuris/Nota/BuscarArquivo/1751650 | https://portal-antigo.saude.mg.gov.br/resolucoes/story/20387-consorcios-intermunicipais-de-saude-da-macro-leste-participam-de-encontro-promovido-pela-regional-de-valadares,2017,ftp://ftp.datasus.gov.br/dissemin/publicos/CNES/200508_/Dados/ST/STMG1412.dbc,efa555a5e62775fff13d7366f0fa0c8bd808333cabf0219999ac6d9831919062,201412,FALSE,CNES direto por CNPJ em dezembro; ausencia nao prova inexistencia de atendimento terceirizado.,2026-09-24
09310999,2014,CISVALEGRAN,original_84,12,893671.65,rede_indireta_documentada_sem_destinos_anuais,redes_indiretas_ou_programas,rede_indireta_documentada_sem_destinos_anuais,excluir_destino_fixo,0,0,,,,,,"O consorcio opera por unidades credenciadas e estrutura da contratada; ha referencia municipal a aditivo de credenciamento iniciado em 2014, sem lista historica completa de destinos",outputs/decisoes_documentais_91_entidades_ano.csv; evidencias/decisoes_sete_entidades_2026_09_10.csv,https://cisvalegran.mg.gov.br/quem-somos.html,https://cisvalegran.mg.gov.br/quem-somos.html | https://ptdocz.com/doc/1907428/visualizar---prefeitura-municipal-de-uberaba,2014-2016,ftp://ftp.datasus.gov.br/dissemin/publicos/CNES/200508_/Dados/ST/STMG1412.dbc,efa555a5e62775fff13d7366f0fa0c8bd808333cabf0219999ac6d9831919062,201412,FALSE,CNES direto por CNPJ em dezembro; ausencia nao prova inexistencia de atendimento terceirizado.,2026-09-24
01256507,2014,CISLAP,original_84,5,840519.46,rede_indireta_sem_destinos_anuais,redes_indiretas_ou_programas,rede_indireta_sem_destinos_anuais,excluir_destino_fixo,0,0,,,,,,Fonte oficial municipal documenta servicos especializados contratados e suspensao por falta de pagamento em 2018; nao identifica prestadores e enderecos de 2014-2016,outputs/decisoes_documentais_91_entidades_ano.csv; evidencias/decisoes_sete_entidades_2026_09_10.csv,https://www.cassia.cam.mg.gov.br/camara-demonstra-grande-preocupacao-com-situacao-do-consorcio-de-saude/,https://www.cassia.cam.mg.gov.br/camara-demonstra-grande-preocupacao-com-situacao-do-consorcio-de-saude/,2014-2016,ftp://ftp.datasus.gov.br/dissemin/publicos/CNES/200508_/Dados/ST/STMG1412.dbc,efa555a5e62775fff13d7366f0fa0c8bd808333cabf0219999ac6d9831919062,201412,FALSE,CNES direto por CNPJ em dezembro; ausencia nao prova inexistencia de atendimento terceirizado.,2026-09-24
01994407,2014,CISPORTAL,original_84,9,594801.45,rede_indireta_sem_destinos_anuais,redes_indiretas_ou_programas,rede_indireta_sem_destinos_anuais,excluir_destino_fixo,0,0,,,,,,O sitio oficial atual confirma atendimento por credenciamento; nao foi localizada lista historica de prestadores com vigencia e endereco,outputs/decisoes_documentais_91_entidades_ano.csv; evidencias/decisoes_sete_entidades_2026_09_10.csv,https://cisportal.mg.gov.br/atendimento/,https://cisportal.mg.gov.br/atendimento/,2014-2017,ftp://ftp.datasus.gov.br/dissemin/publicos/CNES/200508_/Dados/ST/STMG1412.dbc,efa555a5e62775fff13d7366f0fa0c8bd808333cabf0219999ac6d9831919062,201412,FALSE,CNES direto por CNPJ em dezembro; ausencia nao prova inexistencia de atendimento terceirizado.,2026-09-24
01289973,2014,CISAMSF,original_84,5,470989.44,evidencia_insuficiente,demais_sem_destino_clinico_suficientemente_documentado,evidencia_insuficiente,excluir_destino_fixo,0,0,,,,,,O sitio atual confirma servicos de saude e sede em Januaria; nao foi localizado prestador anual ou unidade assistencial identificavel para 2014-2016,outputs/decisoes_documentais_91_entidades_ano.csv; evidencias/decisoes_sete_entidades_2026_09_10.csv,https://cisamsf.com.br/,https://cisamsf.com.br/,2014-2016,ftp://ftp.datasus.gov.br/dissemin/publicos/CNES/200508_/Dados/ST/STMG1412.dbc,efa555a5e62775fff13d7366f0fa0c8bd808333cabf0219999ac6d9831919062,201412,FALSE,CNES direto por CNPJ em dezembro; ausencia nao prova inexistencia de atendimento terceirizado.,2026-09-24
19455924,2014,CISTRI,original_84,21,278559.74,implantacao_sem_operacao_na_maior_parte_da_janela,fase_anterior_operacao_samu,pre_operacao_samu_regional,preservar_pagamento_de_fase_pre_operacional,0,0,,,,,2018-07-03,Historia institucional registra implantacao somente em 3 de julho de 2018 depois de fase de preparacao,evidencias/fontes_conciliacao_2026_09_24.csv#cistri_inicio,https://cistri.saude.mg.gov.br/cistri/historia/,https://cistri.saude.mg.gov.br/cistri/historia/,2014-2017,ftp://ftp.datasus.gov.br/dissemin/publicos/CNES/200508_/Dados/ST/STMG1412.dbc,efa555a5e62775fff13d7366f0fa0c8bd808333cabf0219999ac6d9831919062,201412,FALSE,CNES direto por CNPJ em dezembro; ausencia nao prova inexistencia de atendimento terceirizado. Nao converter veiculos doados em 2016 em operacao assistencial naquele ano,2026-09-24
20059618,2014,CIS-URG OESTE,original_84,38,237580.42,implantacao_pre_operacao,fase_anterior_operacao_samu,pre_operacao_samu_regional,preservar_pagamento_de_fase_pre_operacional,0,0,,,,,2017-06-07,Relato institucional distingue criacao em 2014 e inicio dos atendimentos em 7 de junho de 2017,evidencias/fontes_conciliacao_2026_09_24.csv#cisurg_inicio,https://cisurg.oeste.mg.gov.br/07-anos-de-funcionamento-do-samu-gerenciado-pelo-cis-urg-oeste/,https://cisurg.oeste.mg.gov.br/07-anos-de-funcionamento-do-samu-gerenciado-pelo-cis-urg-oeste/ | https://cisurg.oeste.mg.gov.br/?gnm_paged=64,2014-2015,ftp://ftp.datasus.gov.br/dissemin/publicos/CNES/200508_/Dados/ST/STMG1412.dbc,efa555a5e62775fff13d7366f0fa0c8bd808333cabf0219999ac6d9831919062,201412,FALSE,CNES direto por CNPJ em dezembro; ausencia nao prova inexistencia de atendimento terceirizado. Nao retroagir a expansao territorial de 2022; ano inicial tem disponibilidade parcial,2026-09-24
20101246,2014,CONSURGE,original_84,13,229352.78,sem_classificacao_anual_no_painel,fase_anterior_operacao_samu,pre_operacao_samu_regional,preservar_pagamento_de_fase_pre_operacional,0,1,7498268,64,312770,,2020-12-28,Relatorio estadual de 2021 registra inauguracao em 28 de dezembro de 2020 e distingue a primeira da segunda fase,evidencias/fontes_conciliacao_2026_09_24.csv#consurge_inicio,https://www.saude.mg.gov.br/wp-content/uploads/2021/01/2o-RDQA-2021-Volume-I-CES-7bb.pdf,,,ftp://ftp.datasus.gov.br/dissemin/publicos/CNES/200508_/Dados/ST/STMG1412.dbc,efa555a5e62775fff13d7366f0fa0c8bd808333cabf0219999ac6d9831919062,201412,FALSE,CNES direto por CNPJ em dezembro; ausencia nao prova inexistencia de atendimento terceirizado. Inauguracao no fim do ano nao comprova disponibilidade integral em 2020 nem cobertura da segunda fase,2026-09-24
02287790,2014,CONSORCIO INTERMUNICIPAL DE SAUDE DA REG FRONT ESTADOS DA BA. MG. E ES.,original_84,1,220125.62,historica_sem_polo_documentado,historicas_sem_polo,historica_sem_polo_documentado,excluir_da_especificacao_de_destino_fixo,0,0,,,,,,Registro institucional posterior nao prova oferta em 2014-2021; sem vinculo CNES direto nos oito anos.,outputs/decisoes_documentais_91_entidades_ano.csv; evidencias/decisoes_sete_entidades_2026_09_10.csv,https://doc.tce.mg.gov.br/Home/ViewDiario/2026_01_28_Diario.pdf,https://doc.tce.mg.gov.br/Home/ViewDiario/2026_01_28_Diario.pdf,Registro institucional posterior nao prova oferta em 2014-2021; sem vinculo CNES direto nos oito anos.,ftp://ftp.datasus.gov.br/dissemin/publicos/CNES/200508_/Dados/ST/STMG1412.dbc,efa555a5e62775fff13d7366f0fa0c8bd808333cabf0219999ac6d9831919062,201412,FALSE,CNES direto por CNPJ em dezembro; ausencia nao prova inexistencia de atendimento terceirizado.,2026-09-24
18151467,2014,AMVAP SAUDE,original_84,16,102618,rede_indireta_sem_destinos_anuais,redes_indiretas_ou_programas,rede_indireta_sem_destinos_anuais,excluir_destino_fixo,0,0,,,,,,O portal oficial preserva demonstrativos de 2017 e descreve procedimentos e transporte; nao fornece neste material prestadores de 2014-2017,outputs/decisoes_documentais_91_entidades_ano.csv; evidencias/decisoes_sete_entidades_2026_09_10.csv,https://www.amvapsaude.com.br/transparencia/,https://www.amvapsaude.com.br/transparencia/,2014-2017,ftp://ftp.datasus.gov.br/dissemin/publicos/CNES/200508_/Dados/ST/STMG1412.dbc,efa555a5e62775fff13d7366f0fa0c8bd808333cabf0219999ac6d9831919062,201412,FALSE,CNES direto por CNPJ em dezembro; ausencia nao prova inexistencia de atendimento terceirizado.,2026-09-24
00840724,2014,CIS/UBA,original_84,1,13701,historica_sem_polo_documentado,historicas_sem_polo,historica_sem_polo_documentado,excluir_da_especificacao_de_destino_fixo,0,0,,,,,,Existencia institucional e pagamentos historicos nao identificam prestador; sem vinculo CNES direto nos oito anos. Inaptidao cadastral nao prova data de encerramento assistencial.,outputs/decisoes_documentais_91_entidades_ano.csv; evidencias/decisoes_sete_entidades_2026_09_10.csv,https://sapl.uba.mg.leg.br/media/sapl/public/materialegislativa/1996/11193/projeto_de_lei_055.pdf,https://sapl.uba.mg.leg.br/media/sapl/public/materialegislativa/1996/11193/projeto_de_lei_055.pdf,Existencia institucional e pagamentos historicos nao identificam prestador; sem vinculo CNES direto nos oito anos. Inaptidao cadastral nao prova data de encerramento assistencial.,ftp://ftp.datasus.gov.br/dissemin/publicos/CNES/200508_/Dados/ST/STMG1412.dbc,efa555a5e62775fff13d7366f0fa0c8bd808333cabf0219999ac6d9831919062,201412,FALSE,CNES direto por CNPJ em dezembro; ausencia nao prova inexistencia de atendimento terceirizado.,2026-09-24
71203715,2015,CIS CIRCUITO DAS AGUAS,original_84,19,14975790.39,programas_fixos_documentados_sem_cnes_e_endereco,redes_indiretas_ou_programas,programas_fixos_documentados_sem_cnes_e_endereco,excluir_destino_fixo,0,0,,,,,,"Documento da Fhemig registra gestao de servicos regionais de atencao secundaria entre janeiro de 2014 e dezembro de 2016, incluindo Centro Viva Vida, saude mental, CEO e farmacia",outputs/decisoes_documentais_91_entidades_ano.csv; evidencias/decisoes_sete_entidades_2026_09_10.csv,https://www.fhemig.mg.gov.br/files/3070/ConsorcioEntidades-Filantropicas---CSSFe/33901/Ata-de-Julgamento---CSSFE--Edital-06/2024.pdf?preview=1,https://www.ciscircuitodasaguas.org.br/ | https://www.fhemig.mg.gov.br/files/3070/ConsorcioEntidades-Filantropicas---CSSFe/33901/Ata-de-Julgamento---CSSFE--Edital-06/2024.pdf?preview=1,2014-2015,ftp://ftp.datasus.gov.br/dissemin/publicos/CNES/200508_/Dados/ST/STMG1512.dbc,fbb33f2e8289a73b53d8a5385a8a3417ead012189e7047086d243e60f517ac28,201512,FALSE,CNES direto por CNPJ em dezembro; ausencia nao prova inexistencia de atendimento terceirizado.,2026-09-24
13985869,2015,CISSUL,original_84,113,5048834.96,sem_classificacao_anual_no_painel,movel_regulacao_ou_transporte,inicio_samu_durante_ano,especificacao_movel_com_vigencia_propria,0,1,7659873,76,317070,,2015-01-31,Relato institucional retrospectivo identifica inicio da operacao em 31 de janeiro de 2015,evidencias/fontes_conciliacao_2026_09_24.csv#cissul_inicio,https://cissul.saude.mg.gov.br/2025/cissul-samu-celebra-10-anos-e-inicia-novo-ciclo-de-conquistas/,https://www.saude.mg.gov.br/noticias/abertura-de-treinamento-para-samu-acontece-em-varginha/ | https://www.saude.mg.gov.br/wp-content/uploads/2014/11/A_agenda_da_saude_publica_WEB-726.pdf,2014,ftp://ftp.datasus.gov.br/dissemin/publicos/CNES/200508_/Dados/ST/STMG1512.dbc,fbb33f2e8289a73b53d8a5385a8a3417ead012189e7047086d243e60f517ac28,201512,FALSE,CNES direto por CNPJ em dezembro; ausencia nao prova inexistencia de atendimento terceirizado. Nao mede continuidade diaria nem prova inexistencia de outras atividades antes dessa data,2026-09-24
17813026,2015,CISDESTE,original_84,92,4113293.83,sem_classificacao_anual_no_painel,movel_regulacao_ou_transporte,oferta_movel_cadastrada,especificacao_movel; nao_usar_central_como_clinica,39,2,7467184 | 7476809 | 7478267 | 7539932 | 7539940 | 7539967 | 7539975 | 7539983 | 7539991 | 7540000 | 7540019 | 7540035 | 7541090 | 7541104 | 7541120 | 7545509 | 7545517 | 7548044 | 7548052 | 7548109 | 7548125 | 7548133 | 7570678 | 7572085 | 7572336 | 7572379 | 7572387 | 7572417 | 7572425 | 7575289 | 7575319 | 7588348 | 7588356 | 7588364 | 7588372 | 7588399 | 7588402 | 7588410 | 7588429 | 7588437 | 7594488,42 | 76,310150 | 310280 | 310460 | 310690 | 310750 | 311330 | 311530 | 312400 | 312420 | 312595 | 312738 | 313670 | 313800 | 313840 | 313860 | 314080 | 314220 | 314390 | 314820 | 315580 | 315590 | 316070 | 316290 | 316570 | 316990 | 317200,,,Ha unidades moveis diretamente vinculadas na competencia de dezembro.,CNES_ST_dezembro,,,,ftp://ftp.datasus.gov.br/dissemin/publicos/CNES/200508_/Dados/ST/STMG1512.dbc,fbb33f2e8289a73b53d8a5385a8a3417ead012189e7047086d243e60f517ac28,201512,FALSE,CNES direto por CNPJ em dezembro; ausencia nao prova inexistencia de atendimento terceirizado.,2026-09-24
97550393,2015,CIAS - CONSORCIO INTERMUNICIPAL DE SAUDE,original_84,37,3521549.21,fixa_em_outros_meses_ausente_em_dezembro,cadastro_intrano_ou_posterior,tipo_clinico_em_outros_meses_fora_dezembro,sensibilidade_mensal_sem_imputar_capacidade_dezembro,0,0,,,,6150063,,ST mensal contem tipo clinico no ano; dezembro nao contem destino clinico.,CNES_ST_mensal; outputs/manifesto_cnes_historico_saude_mg.csv,https://dom.santaluzia.mg.gov.br/?mec-events=termo-de-ajuste-de-contas-6,https://dom.santaluzia.mg.gov.br/?mec-events=termo-de-ajuste-de-contas-6,CNES historico: hospital-dia em Santa Luzia em dezembro de 2014 e janeiro de 2015. Termo assinado em 2024 refere explicitamente regulacao SAMU em 2021-2022; nao identifica hospital ou bases anuais.,ftp://ftp.datasus.gov.br/dissemin/publicos/CNES/200508_/Dados/ST/STMG1512.dbc,fbb33f2e8289a73b53d8a5385a8a3417ead012189e7047086d243e60f517ac28,201512,FALSE,CNES direto por CNPJ em dezembro; ausencia nao prova inexistencia de atendimento terceirizado. Lista anual de tipos nao identifica sozinha os meses de cada tipo.,2026-09-24
01208564,2015,CISMIP,candidata_externa_13,11,3010380.27,sem_classificacao_anual_no_painel,demais_sem_destino_clinico_suficientemente_documentado,sem_vinculo_direto_identificado,localizar_prestador_e_vigencia; manter_sem_tempo_clinico,0,0,,,,,,Sem clinica diretamente vinculada recuperada para dezembro; consultar fonte contextual sem retroacao.,CNES_historico_e_contexto_documental,,https://www.camaraguape.mg.gov.br/abrir_arquivo.aspx?arquivo=%7BBBA1ED7E-EBAD-666B-AD76-0C1BCDA3BCAB%7D.pdf&cdLocal=7 | https://cnes2.datasus.gov.br/Mod_Basico.asp?VCo_Unidade=3147909639691,2018-2021,ftp://ftp.datasus.gov.br/dissemin/publicos/CNES/200508_/Dados/ST/STMG1512.dbc,fbb33f2e8289a73b53d8a5385a8a3417ead012189e7047086d243e60f517ac28,201512,FALSE,CNES direto por CNPJ em dezembro; ausencia nao prova inexistencia de atendimento terceirizado.,2026-09-24
01999898,2015,CIS CAPARAO,original_84,15,2853395.29,rede_indireta_e_movel_sem_vinculo_de_capacidade,redes_indiretas_ou_programas,rede_indireta_e_movel_sem_vinculo_de_capacidade,excluir_destino_fixo,0,0,,,,,,O sitio oficial descreve profissionais credenciados e remocao por UTI movel; documento municipal de 2014 registra subvenC'C#o ao Hospital Cesar Leite sem provar que o consorcio o mantinha,outputs/decisoes_documentais_91_entidades_ano.csv; evidencias/decisoes_sete_entidades_2026_09_10.csv,https://www.ciscaparao.mg.gov.br/Index.aspx,https://www.ciscaparao.mg.gov.br/Index.aspx | https://www.reduto.mg.gov.br/legislacao-categorias/leis-ordinarias/leis-ordinarias-2013/862-lei-ordinaria-n-362-2013/file,2014-2017,ftp://ftp.datasus.gov.br/dissemin/publicos/CNES/200508_/Dados/ST/STMG1512.dbc,fbb33f2e8289a73b53d8a5385a8a3417ead012189e7047086d243e60f517ac28,201512,FALSE,CNES direto por CNPJ em dezembro; ausencia nao prova inexistencia de atendimento terceirizado.,2026-09-24
02401218,2015,CISAP- VP,original_84,14,2667111.46,transporte_documentado_sem_destino_clinico,movel_regulacao_ou_transporte,transporte_documentado_sem_destino_clinico,excluir_destino_fixo,0,0,,,,,,Requerimento municipal de 2015 solicita esclarecimentos sobre empenho de transporte de pacientes a Conselheiro Lafaiete e Belo Horizonte; nao identifica prestador clinico,outputs/decisoes_documentais_91_entidades_ano.csv; evidencias/decisoes_sete_entidades_2026_09_10.csv,https://desterrodeentrerios.cam.mg.gov.br/Salvar_arquivo_Leis.php?INT_ARQ=62222,https://desterrodeentrerios.cam.mg.gov.br/Salvar_arquivo_Leis.php?INT_ARQ=62222 | https://www.congonhas.mg.gov.br/index.php/prefeitura-de-congonhas-participa-da-eleicao-do-presidente-do-cisap-e-fortalece-compromisso-com-a-saude-regional/,2014-2016,ftp://ftp.datasus.gov.br/dissemin/publicos/CNES/200508_/Dados/ST/STMG1512.dbc,fbb33f2e8289a73b53d8a5385a8a3417ead012189e7047086d243e60f517ac28,201512,FALSE,CNES direto por CNPJ em dezembro; ausencia nao prova inexistencia de atendimento terceirizado.,2026-09-24
11636961,2015,CISRUN,original_84,76,2612803.19,sem_classificacao_anual_no_painel,movel_regulacao_ou_transporte,oferta_movel_cadastrada,especificacao_movel; nao_usar_central_como_clinica,47,1,5500303 | 6972632 | 7699409 | 7699417 | 7699425 | 7699433 | 7699441 | 7699549 | 7699557 | 7699565 | 7699581 | 7720874 | 7738730 | 7738749 | 7738757 | 7738765 | 7738773 | 7738781 | 7739133 | 7739141 | 7739206 | 7739230 | 7739257 | 7739265 | 7739273 | 7739281 | 7739370 | 7739389 | 7739397 | 7739400 | 7739419 | 7739427 | 7739435 | 7739443 | 7739451 | 7739478 | 7739486 | 7739494 | 7739508 | 7739516 | 7739524 | 7739532 | 7739540 | 7739559 | 7739567 | 7739575 | 7739583 | 7740980,42 | 76,310665 | 310730 | 310825 | 310860 | 311270 | 311880 | 312030 | 312430 | 312660 | 312670 | 312733 | 312960 | 313200 | 313210 | 313505 | 313510 | 313520 | 313930 | 314100 | 314225 | 314270 | 314290 | 314330 | 314345 | 315057 | 315120 | 315213 | 315220 | 315560 | 315700 | 316110 | 316240 | 316270 | 316420 | 316800 | 317080 | 317090,,,Ha unidades moveis diretamente vinculadas na competencia de dezembro.,CNES_ST_dezembro,,,,ftp://ftp.datasus.gov.br/dissemin/publicos/CNES/200508_/Dados/ST/STMG1512.dbc,fbb33f2e8289a73b53d8a5385a8a3417ead012189e7047086d243e60f517ac28,201512,FALSE,CNES direto por CNPJ em dezembro; ausencia nao prova inexistencia de atendimento terceirizado.,2026-09-24
11938399,2015,CISRU-CENTRO SUL,original_84,50,2422106.24,sem_classificacao_anual_no_painel,movel_regulacao_ou_transporte,oferta_movel_cadastrada,especificacao_movel; nao_usar_central_como_clinica,22,1,7003102 | 7042353 | 7042361 | 7042388 | 7042396 | 7042477 | 7042485 | 7042493 | 7042507 | 7042515 | 7042523 | 7042531 | 7048718 | 7048726 | 7048742 | 7048750 | 7048769 | 7048777 | 7048785 | 7048793 | 7048815 | 7048904 | 7048912,42 | 76,310210 | 310560 | 310590 | 311320 | 311800 | 311830 | 312390 | 312940 | 313740 | 313910 | 314450 | 314590 | 315080 | 315420 | 315520 | 316250 | 316500 | 316880,,,Ha unidades moveis diretamente vinculadas na competencia de dezembro.,CNES_ST_dezembro,,,,ftp://ftp.datasus.gov.br/dissemin/publicos/CNES/200508_/Dados/ST/STMG1512.dbc,fbb33f2e8289a73b53d8a5385a8a3417ead012189e7047086d243e60f517ac28,201512,FALSE,CNES direto por CNPJ em dezembro; ausencia nao prova inexistencia de atendimento terceirizado.,2026-09-24
03735788,2015,CISLAV,original_84,10,2334660.18,evidencia_insuficiente,demais_sem_destino_clinico_suficientemente_documentado,evidencia_insuficiente,excluir_destino_fixo,0,0,,,,,,Documentacao legislativa confirma a finalidade de apoiar programas de saude; nao identifica unidade ou prestador de 2014-2016,outputs/decisoes_documentais_91_entidades_ano.csv; evidencias/decisoes_sete_entidades_2026_09_10.csv,https://sapl.lavras.mg.leg.br/media/sapl/public/materialegislativa/2024/6/1._ple_021_2024_projeto.pdf,https://cosecsmg.org.br/consorcios/cislav-38 | https://sapl.lavras.mg.leg.br/media/sapl/public/materialegislativa/2024/6/1._ple_021_2024_projeto.pdf,2014-2016,ftp://ftp.datasus.gov.br/dissemin/publicos/CNES/200508_/Dados/ST/STMG1512.dbc,fbb33f2e8289a73b53d8a5385a8a3417ead012189e7047086d243e60f517ac28,201512,FALSE,CNES direto por CNPJ em dezembro; ausencia nao prova inexistencia de atendimento terceirizado.,2026-09-24
00622039,2015,CISCAXAMBU,candidata_externa_13,7,2295879.32,sem_classificacao_anual_no_painel,demais_sem_destino_clinico_suficientemente_documentado,sem_vinculo_direto_identificado,localizar_prestador_e_vigencia; manter_sem_tempo_clinico,0,0,,,,,,Sem clinica diretamente vinculada recuperada para dezembro; consultar fonte contextual sem retroacao.,CNES_historico_e_contexto_documental,,ftp://ftp.datasus.gov.br/dissemin/publicos/CNES/200508_/Dados/ST/STMG1712.dbc,2017-2021,ftp://ftp.datasus.gov.br/dissemin/publicos/CNES/200508_/Dados/ST/STMG1512.dbc,fbb33f2e8289a73b53d8a5385a8a3417ead012189e7047086d243e60f517ac28,201512,FALSE,CNES direto por CNPJ em dezembro; ausencia nao prova inexistencia de atendimento terceirizado.,2026-09-24
01172959,2015,CISNORTE ALTO RIO PARDO,original_84,15,2049993.14,registro_fixo_posterior,cadastro_intrano_ou_posterior,registro_fixo_posterior,excluir_destino_fixo,0,0,,,,,,A unidade atual em Taiobeiras tem cadastro CNES a partir de 2016; nao foi localizada unidade anterior para 2014-2015,outputs/decisoes_documentais_91_entidades_ano.csv; evidencias/decisoes_sete_entidades_2026_09_10.csv,https://cnes2.datasus.gov.br/Mod_Ambulatorial.asp?VCo_Unidade=3168007918747,https://cnes2.datasus.gov.br/Mod_Ambulatorial.asp?VCo_Unidade=3168007918747,2014-2015,ftp://ftp.datasus.gov.br/dissemin/publicos/CNES/200508_/Dados/ST/STMG1512.dbc,fbb33f2e8289a73b53d8a5385a8a3417ead012189e7047086d243e60f517ac28,201512,FALSE,CNES direto por CNPJ em dezembro; ausencia nao prova inexistencia de atendimento terceirizado.,2026-09-24
19455924,2015,CISTRI,original_84,24,1762568.33,implantacao_sem_operacao_na_maior_parte_da_janela,fase_anterior_operacao_samu,pre_operacao_samu_regional,preservar_pagamento_de_fase_pre_operacional,0,0,,,,,2018-07-03,Historia institucional registra implantacao somente em 3 de julho de 2018 depois de fase de preparacao,evidencias/fontes_conciliacao_2026_09_24.csv#cistri_inicio,https://cistri.saude.mg.gov.br/cistri/historia/,https://cistri.saude.mg.gov.br/cistri/historia/,2014-2017,ftp://ftp.datasus.gov.br/dissemin/publicos/CNES/200508_/Dados/ST/STMG1512.dbc,fbb33f2e8289a73b53d8a5385a8a3417ead012189e7047086d243e60f517ac28,201512,FALSE,CNES direto por CNPJ em dezembro; ausencia nao prova inexistencia de atendimento terceirizado. Nao converter veiculos doados em 2016 em operacao assistencial naquele ano,2026-09-24
01058207,2015,CIS GRAO MOGOL,original_84,6,1739115.42,rede_multidestino_documentada_no_fim_da_janela,redes_indiretas_ou_programas,rede_multidestino_documentada_no_fim_da_janela,excluir_destino_fixo,0,0,,,,,,Relato oficial de 2018 documenta consultas e exames e transporte diario para Montes Claros e Francisco Sa nos quatro meses anteriores,outputs/decisoes_documentais_91_entidades_ano.csv; evidencias/decisoes_sete_entidades_2026_09_10.csv,https://cisgraomogol.mg.gov.br/2018/01/25/consorcio-de-saude-atende-1-108-pacientes-em-apenas-quatro-meses-de-gestao/,https://cisgraomogol.mg.gov.br/ | https://cisgraomogol.mg.gov.br/2018/01/25/consorcio-de-saude-atende-1-108-pacientes-em-apenas-quatro-meses-de-gestao/,2014-2017,ftp://ftp.datasus.gov.br/dissemin/publicos/CNES/200508_/Dados/ST/STMG1512.dbc,fbb33f2e8289a73b53d8a5385a8a3417ead012189e7047086d243e60f517ac28,201512,FALSE,CNES direto por CNPJ em dezembro; ausencia nao prova inexistencia de atendimento terceirizado.,2026-09-24
09310999,2015,CISVALEGRAN,original_84,18,1347968,rede_indireta_documentada_sem_destinos_anuais,redes_indiretas_ou_programas,rede_indireta_documentada_sem_destinos_anuais,excluir_destino_fixo,0,0,,,,,,"O consorcio opera por unidades credenciadas e estrutura da contratada; ha referencia municipal a aditivo de credenciamento iniciado em 2014, sem lista historica completa de destinos",outputs/decisoes_documentais_91_entidades_ano.csv; evidencias/decisoes_sete_entidades_2026_09_10.csv,https://cisvalegran.mg.gov.br/quem-somos.html,https://cisvalegran.mg.gov.br/quem-somos.html | https://ptdocz.com/doc/1907428/visualizar---prefeitura-municipal-de-uberaba,2014-2016,ftp://ftp.datasus.gov.br/dissemin/publicos/CNES/200508_/Dados/ST/STMG1512.dbc,fbb33f2e8289a73b53d8a5385a8a3417ead012189e7047086d243e60f517ac28,201512,FALSE,CNES direto por CNPJ em dezembro; ausencia nao prova inexistencia de atendimento terceirizado.,2026-09-24
00931990,2015,CISCOM,candidata_externa_13,5,1223908.86,sem_classificacao_anual_no_painel,demais_sem_destino_clinico_suficientemente_documentado,sem_vinculo_direto_identificado,localizar_prestador_e_vigencia; manter_sem_tempo_clinico,0,0,,,,,,Sem clinica diretamente vinculada recuperada para dezembro; consultar fonte contextual sem retroacao.,CNES_historico_e_contexto_documental,,https://abaete.mg.gov.br/wp-content/uploads/2025/06/PMS-Abaete-2022-2025.pdf,2017-2021,ftp://ftp.datasus.gov.br/dissemin/publicos/CNES/200508_/Dados/ST/STMG1512.dbc,fbb33f2e8289a73b53d8a5385a8a3417ead012189e7047086d243e60f517ac28,201512,FALSE,CNES direto por CNPJ em dezembro; ausencia nao prova inexistencia de atendimento terceirizado.,2026-09-24
03869109,2015,CISMMA,candidata_externa_13,8,1073441.79,sem_classificacao_anual_no_painel,demais_sem_destino_clinico_suficientemente_documentado,sem_vinculo_direto_identificado,localizar_prestador_e_vigencia; manter_sem_tempo_clinico,0,0,,,,,,Sem clinica diretamente vinculada recuperada para dezembro; consultar fonte contextual sem retroacao.,CNES_historico_e_contexto_documental,,https://www.manga.mg.gov.br/noticias/cismma-elege-chapa-bienio-2019-2020-e-faz-prestacao-de-contas-do-ultimo-bienio | https://cnes2.datasus.gov.br/Mod_Ambulatorial.asp?VCo_Unidade=3139300077615,2019-2021,ftp://ftp.datasus.gov.br/dissemin/publicos/CNES/200508_/Dados/ST/STMG1512.dbc,fbb33f2e8289a73b53d8a5385a8a3417ead012189e7047086d243e60f517ac28,201512,FALSE,CNES direto por CNPJ em dezembro; ausencia nao prova inexistencia de atendimento terceirizado.,2026-09-24
01257142,2015,CISSM,candidata_externa_13,8,1062443.18,sem_classificacao_anual_no_painel,demais_sem_destino_clinico_suficientemente_documentado,sem_vinculo_direto_identificado,localizar_prestador_e_vigencia; manter_sem_tempo_clinico,0,0,,,,,,Sem clinica diretamente vinculada recuperada para dezembro; consultar fonte contextual sem retroacao.,CNES_historico_e_contexto_documental,,https://tcnotas.tce.mg.gov.br/tcjuris/Nota/BuscarArquivo/4169429,2018-2021,ftp://ftp.datasus.gov.br/dissemin/publicos/CNES/200508_/Dados/ST/STMG1512.dbc,fbb33f2e8289a73b53d8a5385a8a3417ead012189e7047086d243e60f517ac28,201512,FALSE,CNES direto por CNPJ em dezembro; ausencia nao prova inexistencia de atendimento terceirizado.,2026-09-24
13220150,2015,CISNORJE,original_84,51,1041275.95,sem_classificacao_anual_no_painel,movel_regulacao_ou_transporte,oferta_movel_cadastrada,especificacao_movel; nao_usar_central_como_clinica,26,1,7096313 | 7135017 | 7135025 | 7135033 | 7135041 | 7135068 | 7135076 | 7135084 | 7135092 | 7135106 | 7135130 | 7135203 | 7135211 | 7135254 | 7135262 | 7135270 | 7135289 | 7135297 | 7135300 | 7135319 | 7135335 | 7135343 | 7135351 | 7135378 | 7135386 | 7135394 | 7240260,42 | 76,316860,,,Ha unidades moveis diretamente vinculadas na competencia de dezembro.,CNES_ST_dezembro,,,,ftp://ftp.datasus.gov.br/dissemin/publicos/CNES/200508_/Dados/ST/STMG1512.dbc,fbb33f2e8289a73b53d8a5385a8a3417ead012189e7047086d243e60f517ac28,201512,FALSE,CNES direto por CNPJ em dezembro; ausencia nao prova inexistencia de atendimento terceirizado.,2026-09-24
01124788,2015,CONSARDOCE,candidata_externa_13,5,976768.87,sem_classificacao_anual_no_painel,demais_sem_destino_clinico_suficientemente_documentado,sem_vinculo_direto_identificado,localizar_prestador_e_vigencia; manter_sem_tempo_clinico,0,0,,,,,,Sem clinica diretamente vinculada recuperada para dezembro; consultar fonte contextual sem retroacao.,CNES_historico_e_contexto_documental,,https://tcnotas.tce.mg.gov.br/tcjuris/Nota/BuscarArquivo/1751650 | https://portal-antigo.saude.mg.gov.br/resolucoes/story/20387-consorcios-intermunicipais-de-saude-da-macro-leste-participam-de-encontro-promovido-pela-regional-de-valadares,2017,ftp://ftp.datasus.gov.br/dissemin/publicos/CNES/200508_/Dados/ST/STMG1512.dbc,fbb33f2e8289a73b53d8a5385a8a3417ead012189e7047086d243e60f517ac28,201512,FALSE,CNES direto por CNPJ em dezembro; ausencia nao prova inexistencia de atendimento terceirizado.,2026-09-24
20101246,2015,CONSURGE,original_84,26,748338.61,sem_classificacao_anual_no_painel,fase_anterior_operacao_samu,pre_operacao_samu_regional,preservar_pagamento_de_fase_pre_operacional,0,1,7498268,64,312770,,2020-12-28,Relatorio estadual de 2021 registra inauguracao em 28 de dezembro de 2020 e distingue a primeira da segunda fase,evidencias/fontes_conciliacao_2026_09_24.csv#consurge_inicio,https://www.saude.mg.gov.br/wp-content/uploads/2021/01/2o-RDQA-2021-Volume-I-CES-7bb.pdf,,,ftp://ftp.datasus.gov.br/dissemin/publicos/CNES/200508_/Dados/ST/STMG1512.dbc,fbb33f2e8289a73b53d8a5385a8a3417ead012189e7047086d243e60f517ac28,201512,FALSE,CNES direto por CNPJ em dezembro; ausencia nao prova inexistencia de atendimento terceirizado. Inauguracao no fim do ano nao comprova disponibilidade integral em 2020 nem cobertura da segunda fase,2026-09-24
01994407,2015,CISPORTAL,original_84,8,743960.17,rede_indireta_sem_destinos_anuais,redes_indiretas_ou_programas,rede_indireta_sem_destinos_anuais,excluir_destino_fixo,0,0,,,,,,O sitio oficial atual confirma atendimento por credenciamento; nao foi localizada lista historica de prestadores com vigencia e endereco,outputs/decisoes_documentais_91_entidades_ano.csv; evidencias/decisoes_sete_entidades_2026_09_10.csv,https://cisportal.mg.gov.br/atendimento/,https://cisportal.mg.gov.br/atendimento/,2014-2017,ftp://ftp.datasus.gov.br/dissemin/publicos/CNES/200508_/Dados/ST/STMG1512.dbc,fbb33f2e8289a73b53d8a5385a8a3417ead012189e7047086d243e60f517ac28,201512,FALSE,CNES direto por CNPJ em dezembro; ausencia nao prova inexistencia de atendimento terceirizado.,2026-09-24
01289973,2015,CISAMSF,original_84,5,600099.71,evidencia_insuficiente,demais_sem_destino_clinico_suficientemente_documentado,evidencia_insuficiente,excluir_destino_fixo,0,0,,,,,,O sitio atual confirma servicos de saude e sede em Januaria; nao foi localizado prestador anual ou unidade assistencial identificavel para 2014-2016,outputs/decisoes_documentais_91_entidades_ano.csv; evidencias/decisoes_sete_entidades_2026_09_10.csv,https://cisamsf.com.br/,https://cisamsf.com.br/,2014-2016,ftp://ftp.datasus.gov.br/dissemin/publicos/CNES/200508_/Dados/ST/STMG1512.dbc,fbb33f2e8289a73b53d8a5385a8a3417ead012189e7047086d243e60f517ac28,201512,FALSE,CNES direto por CNPJ em dezembro; ausencia nao prova inexistencia de atendimento terceirizado.,2026-09-24
00784548,2015,CONSONORTE,original_84,5,522019.11,evidencia_insuficiente,demais_sem_destino_clinico_suficientemente_documentado,evidencia_insuficiente,excluir_destino_fixo,0,0,,,,,,Nao foi localizado prestador ou polo anual identificavel; a literatura institucional apenas confirma a existencia do consorcio de saude no periodo,outputs/decisoes_documentais_91_entidades_ano.csv; evidencias/decisoes_sete_entidades_2026_09_10.csv,https://repositorio.fjp.mg.gov.br/items/c5bf1126-785a-4bd8-a68c-95c5f00c3125,https://repositorio.fjp.mg.gov.br/items/c5bf1126-785a-4bd8-a68c-95c5f00c3125,2014-2018,ftp://ftp.datasus.gov.br/dissemin/publicos/CNES/200508_/Dados/ST/STMG1512.dbc,fbb33f2e8289a73b53d8a5385a8a3417ead012189e7047086d243e60f517ac28,201512,FALSE,CNES direto por CNPJ em dezembro; ausencia nao prova inexistencia de atendimento terceirizado.,2026-09-24
20059618,2015,CIS-URG OESTE,original_84,47,512702.67,implantacao_pre_operacao,fase_anterior_operacao_samu,pre_operacao_samu_regional,preservar_pagamento_de_fase_pre_operacional,0,0,,,,,2017-06-07,Relato institucional distingue criacao em 2014 e inicio dos atendimentos em 7 de junho de 2017,evidencias/fontes_conciliacao_2026_09_24.csv#cisurg_inicio,https://cisurg.oeste.mg.gov.br/07-anos-de-funcionamento-do-samu-gerenciado-pelo-cis-urg-oeste/,https://cisurg.oeste.mg.gov.br/07-anos-de-funcionamento-do-samu-gerenciado-pelo-cis-urg-oeste/ | https://cisurg.oeste.mg.gov.br/?gnm_paged=64,2014-2015,ftp://ftp.datasus.gov.br/dissemin/publicos/CNES/200508_/Dados/ST/STMG1512.dbc,fbb33f2e8289a73b53d8a5385a8a3417ead012189e7047086d243e60f517ac28,201512,FALSE,CNES direto por CNPJ em dezembro; ausencia nao prova inexistencia de atendimento terceirizado. Nao retroagir a expansao territorial de 2022; ano inicial tem disponibilidade parcial,2026-09-24
01256507,2015,CISLAP,original_84,4,481732.82,rede_indireta_sem_destinos_anuais,redes_indiretas_ou_programas,rede_indireta_sem_destinos_anuais,excluir_destino_fixo,0,0,,,,,,Fonte oficial municipal documenta servicos especializados contratados e suspensao por falta de pagamento em 2018; nao identifica prestadores e enderecos de 2014-2016,outputs/decisoes_documentais_91_entidades_ano.csv; evidencias/decisoes_sete_entidades_2026_09_10.csv,https://www.cassia.cam.mg.gov.br/camara-demonstra-grande-preocupacao-com-situacao-do-consorcio-de-saude/,https://www.cassia.cam.mg.gov.br/camara-demonstra-grande-preocupacao-com-situacao-do-consorcio-de-saude/,2014-2016,ftp://ftp.datasus.gov.br/dissemin/publicos/CNES/200508_/Dados/ST/STMG1512.dbc,fbb33f2e8289a73b53d8a5385a8a3417ead012189e7047086d243e60f517ac28,201512,FALSE,CNES direto por CNPJ em dezembro; ausencia nao prova inexistencia de atendimento terceirizado.,2026-09-24
20433216,2015,CISREUNO,original_84,30,201782.21,atividade_administrativa_pre_operacao,fase_anterior_operacao_samu,pre_operacao_samu_regional,preservar_pagamento_de_fase_pre_operacional,0,0,,,,,2022-10,Portal distingue inicio das atividades em janeiro de 2015 e implantacao oficial em outubro de 2022,evidencias/fontes_conciliacao_2026_09_24.csv#cisreuno_inicio,https://cisreuno.saude.mg.gov.br/cisreuno/institucional/,https://cisreuno.saude.mg.gov.br/cisreuno/institucional/ | https://cisreuno.saude.mg.gov.br/cisreuno/resolucoes/,2015-2016,ftp://ftp.datasus.gov.br/dissemin/publicos/CNES/200508_/Dados/ST/STMG1512.dbc,fbb33f2e8289a73b53d8a5385a8a3417ead012189e7047086d243e60f517ac28,201512,FALSE,CNES direto por CNPJ em dezembro; ausencia nao prova inexistencia de atendimento terceirizado. A data de implantacao e posterior a janela; nao prova ausencia de toda atividade administrativa ou outro servico anterior,2026-09-24
02287790,2015,CONSORCIO INTERMUNICIPAL DE SAUDE DA REG FRONT ESTADOS DA BA. MG. E ES.,original_84,1,194014.91,historica_sem_polo_documentado,historicas_sem_polo,historica_sem_polo_documentado,excluir_da_especificacao_de_destino_fixo,0,0,,,,,,Registro institucional posterior nao prova oferta em 2014-2021; sem vinculo CNES direto nos oito anos.,outputs/decisoes_documentais_91_entidades_ano.csv; evidencias/decisoes_sete_entidades_2026_09_10.csv,https://doc.tce.mg.gov.br/Home/ViewDiario/2026_01_28_Diario.pdf,https://doc.tce.mg.gov.br/Home/ViewDiario/2026_01_28_Diario.pdf,Registro institucional posterior nao prova oferta em 2014-2021; sem vinculo CNES direto nos oito anos.,ftp://ftp.datasus.gov.br/dissemin/publicos/CNES/200508_/Dados/ST/STMG1512.dbc,fbb33f2e8289a73b53d8a5385a8a3417ead012189e7047086d243e60f517ac28,201512,FALSE,CNES direto por CNPJ em dezembro; ausencia nao prova inexistencia de atendimento terceirizado.,2026-09-24
00840724,2015,CIS/UBA,original_84,1,13992,historica_sem_polo_documentado,historicas_sem_polo,historica_sem_polo_documentado,excluir_da_especificacao_de_destino_fixo,0,0,,,,,,Existencia institucional e pagamentos historicos nao identificam prestador; sem vinculo CNES direto nos oito anos. Inaptidao cadastral nao prova data de encerramento assistencial.,outputs/decisoes_documentais_91_entidades_ano.csv; evidencias/decisoes_sete_entidades_2026_09_10.csv,https://sapl.uba.mg.leg.br/media/sapl/public/materialegislativa/1996/11193/projeto_de_lei_055.pdf,https://sapl.uba.mg.leg.br/media/sapl/public/materialegislativa/1996/11193/projeto_de_lei_055.pdf,Existencia institucional e pagamentos historicos nao identificam prestador; sem vinculo CNES direto nos oito anos. Inaptidao cadastral nao prova data de encerramento assistencial.,ftp://ftp.datasus.gov.br/dissemin/publicos/CNES/200508_/Dados/ST/STMG1512.dbc,fbb33f2e8289a73b53d8a5385a8a3417ead012189e7047086d243e60f517ac28,201512,FALSE,CNES direto por CNPJ em dezembro; ausencia nao prova inexistencia de atendimento terceirizado.,2026-09-24
18151467,2015,AMVAP SAUDE,original_84,1,9900,rede_indireta_sem_destinos_anuais,redes_indiretas_ou_programas,rede_indireta_sem_destinos_anuais,excluir_destino_fixo,0,0,,,,,,O portal oficial preserva demonstrativos de 2017 e descreve procedimentos e transporte; nao fornece neste material prestadores de 2014-2017,outputs/decisoes_documentais_91_entidades_ano.csv; evidencias/decisoes_sete_entidades_2026_09_10.csv,https://www.amvapsaude.com.br/transparencia/,https://www.amvapsaude.com.br/transparencia/,2014-2017,ftp://ftp.datasus.gov.br/dissemin/publicos/CNES/200508_/Dados/ST/STMG1512.dbc,fbb33f2e8289a73b53d8a5385a8a3417ead012189e7047086d243e60f517ac28,201512,FALSE,CNES direto por CNPJ em dezembro; ausencia nao prova inexistencia de atendimento terceirizado.,2026-09-24
71203715,2016,CIS CIRCUITO DAS AGUAS,original_84,18,15732478.22,sem_classificacao_anual_no_painel,redes_indiretas_ou_programas,programas_documentados_sem_destino_clinico_identificado,localizar_prestador_e_vigencia; manter_sem_tempo_clinico,0,1,7919204,64,316370,,,"Documento da Fhemig registra gestao de servicos regionais de atencao secundaria entre janeiro de 2014 e dezembro de 2016, incluindo Centro Viva Vida, saude mental, CEO e farmacia",auditoria_documental_21_entidades_2026_09_16.csv; alcance_explicito_do_texto,https://www.fhemig.mg.gov.br/files/3070/ConsorcioEntidades-Filantropicas---CSSFe/33901/Ata-de-Julgamento---CSSFE--Edital-06/2024.pdf?preview=1,https://www.ciscircuitodasaguas.org.br/ | https://www.fhemig.mg.gov.br/files/3070/ConsorcioEntidades-Filantropicas---CSSFe/33901/Ata-de-Julgamento---CSSFE--Edital-06/2024.pdf?preview=1,2014-2015,ftp://ftp.datasus.gov.br/dissemin/publicos/CNES/200508_/Dados/ST/STMG1612.dbc,3a3446207cef372839fcd877e82f00b7c4deb8bba7a5cea6b53065432849bec5,201612,FALSE,CNES direto por CNPJ em dezembro; ausencia nao prova inexistencia de atendimento terceirizado. Leitura inicial utilizou o trecho Fhemig 2014-2016; a revisao complementar reconhece instrumentos 2017-2019 nas paginas 9-10. Consultar revisao_prioritarios_2026_09_24.csv.,2026-09-24
97550393,2016,CIAS - CONSORCIO INTERMUNICIPAL DE SAUDE,original_84,32,10298206.02,sem_evidencia_suficiente_de_polo_no_ano,demais_sem_destino_clinico_suficientemente_documentado,sem_evidencia_suficiente_de_polo_no_ano,excluir_da_especificacao_de_destino_fixo,0,0,,,,,,CNES historico: hospital-dia em Santa Luzia em dezembro de 2014 e janeiro de 2015. Termo assinado em 2024 refere explicitamente regulacao SAMU em 2021-2022; nao identifica hospital ou bases anuais.,outputs/decisoes_documentais_91_entidades_ano.csv; evidencias/decisoes_sete_entidades_2026_09_10.csv,https://dom.santaluzia.mg.gov.br/?mec-events=termo-de-ajuste-de-contas-6,https://dom.santaluzia.mg.gov.br/?mec-events=termo-de-ajuste-de-contas-6,CNES historico: hospital-dia em Santa Luzia em dezembro de 2014 e janeiro de 2015. Termo assinado em 2024 refere explicitamente regulacao SAMU em 2021-2022; nao identifica hospital ou bases anuais.,ftp://ftp.datasus.gov.br/dissemin/publicos/CNES/200508_/Dados/ST/STMG1612.dbc,3a3446207cef372839fcd877e82f00b7c4deb8bba7a5cea6b53065432849bec5,201612,FALSE,CNES direto por CNPJ em dezembro; ausencia nao prova inexistencia de atendimento terceirizado.,2026-09-24
13985869,2016,CISSUL,original_84,113,6825537.66,sem_classificacao_anual_no_painel,movel_regulacao_ou_transporte,samu_regional_documentado,especificacao_movel_com_vigencia_propria,0,1,7659873,76,317070,,2015-01-31,Relato institucional retrospectivo identifica inicio da operacao em 31 de janeiro de 2015,evidencias/fontes_conciliacao_2026_09_24.csv#cissul_inicio,https://cissul.saude.mg.gov.br/2025/cissul-samu-celebra-10-anos-e-inicia-novo-ciclo-de-conquistas/,https://www.saude.mg.gov.br/noticias/abertura-de-treinamento-para-samu-acontece-em-varginha/ | https://www.saude.mg.gov.br/wp-content/uploads/2014/11/A_agenda_da_saude_publica_WEB-726.pdf,2014,ftp://ftp.datasus.gov.br/dissemin/publicos/CNES/200508_/Dados/ST/STMG1612.dbc,3a3446207cef372839fcd877e82f00b7c4deb8bba7a5cea6b53065432849bec5,201612,FALSE,CNES direto por CNPJ em dezembro; ausencia nao prova inexistencia de atendimento terceirizado. Nao mede continuidade diaria nem prova inexistencia de outras atividades antes dessa data,2026-09-24
17813026,2016,CISDESTE,original_84,87,5564266.71,sem_classificacao_anual_no_painel,movel_regulacao_ou_transporte,oferta_movel_cadastrada,especificacao_movel; nao_usar_central_como_clinica,39,1,7476809 | 7478267 | 7539932 | 7539940 | 7539967 | 7539975 | 7539983 | 7539991 | 7540000 | 7540019 | 7540035 | 7541090 | 7541104 | 7541120 | 7545509 | 7545517 | 7548044 | 7548052 | 7548109 | 7548125 | 7548133 | 7570678 | 7572085 | 7572336 | 7572379 | 7572387 | 7572417 | 7572425 | 7575289 | 7575319 | 7588348 | 7588356 | 7588364 | 7588372 | 7588399 | 7588402 | 7588410 | 7588429 | 7588437 | 7594488,42 | 76,310150 | 310280 | 310460 | 310690 | 310750 | 311330 | 311530 | 312400 | 312420 | 312595 | 312738 | 313670 | 313800 | 313840 | 313860 | 314080 | 314220 | 314390 | 314820 | 315580 | 315590 | 316070 | 316290 | 316570 | 316990 | 317200,,,Ha unidades moveis diretamente vinculadas na competencia de dezembro.,CNES_ST_dezembro,,,,ftp://ftp.datasus.gov.br/dissemin/publicos/CNES/200508_/Dados/ST/STMG1612.dbc,3a3446207cef372839fcd877e82f00b7c4deb8bba7a5cea6b53065432849bec5,201612,FALSE,CNES direto por CNPJ em dezembro; ausencia nao prova inexistencia de atendimento terceirizado.,2026-09-24
01999898,2016,CIS CAPARAO,original_84,15,3675803.98,rede_indireta_e_movel_sem_vinculo_de_capacidade,redes_indiretas_ou_programas,rede_indireta_e_movel_sem_vinculo_de_capacidade,excluir_destino_fixo,0,0,,,,,,O sitio oficial descreve profissionais credenciados e remocao por UTI movel; documento municipal de 2014 registra subvenC'C#o ao Hospital Cesar Leite sem provar que o consorcio o mantinha,outputs/decisoes_documentais_91_entidades_ano.csv; evidencias/decisoes_sete_entidades_2026_09_10.csv,https://www.ciscaparao.mg.gov.br/Index.aspx,https://www.ciscaparao.mg.gov.br/Index.aspx | https://www.reduto.mg.gov.br/legislacao-categorias/leis-ordinarias/leis-ordinarias-2013/862-lei-ordinaria-n-362-2013/file,2014-2017,ftp://ftp.datasus.gov.br/dissemin/publicos/CNES/200508_/Dados/ST/STMG1612.dbc,3a3446207cef372839fcd877e82f00b7c4deb8bba7a5cea6b53065432849bec5,201612,FALSE,CNES direto por CNPJ em dezembro; ausencia nao prova inexistencia de atendimento terceirizado.,2026-09-24
02401218,2016,CISAP- VP,original_84,13,3101493.82,transporte_documentado_sem_destino_clinico,movel_regulacao_ou_transporte,transporte_documentado_sem_destino_clinico,excluir_destino_fixo,0,0,,,,,,Requerimento municipal de 2015 solicita esclarecimentos sobre empenho de transporte de pacientes a Conselheiro Lafaiete e Belo Horizonte; nao identifica prestador clinico,outputs/decisoes_documentais_91_entidades_ano.csv; evidencias/decisoes_sete_entidades_2026_09_10.csv,https://desterrodeentrerios.cam.mg.gov.br/Salvar_arquivo_Leis.php?INT_ARQ=62222,https://desterrodeentrerios.cam.mg.gov.br/Salvar_arquivo_Leis.php?INT_ARQ=62222 | https://www.congonhas.mg.gov.br/index.php/prefeitura-de-congonhas-participa-da-eleicao-do-presidente-do-cisap-e-fortalece-compromisso-com-a-saude-regional/,2014-2016,ftp://ftp.datasus.gov.br/dissemin/publicos/CNES/200508_/Dados/ST/STMG1612.dbc,3a3446207cef372839fcd877e82f00b7c4deb8bba7a5cea6b53065432849bec5,201612,FALSE,CNES direto por CNPJ em dezembro; ausencia nao prova inexistencia de atendimento terceirizado.,2026-09-24
00622039,2016,CISCAXAMBU,candidata_externa_13,8,3080777.13,sem_classificacao_anual_no_painel,demais_sem_destino_clinico_suficientemente_documentado,sem_vinculo_direto_identificado,localizar_prestador_e_vigencia; manter_sem_tempo_clinico,0,0,,,,,,Sem clinica diretamente vinculada recuperada para dezembro; consultar fonte contextual sem retroacao.,CNES_historico_e_contexto_documental,,ftp://ftp.datasus.gov.br/dissemin/publicos/CNES/200508_/Dados/ST/STMG1712.dbc,2017-2021,ftp://ftp.datasus.gov.br/dissemin/publicos/CNES/200508_/Dados/ST/STMG1612.dbc,3a3446207cef372839fcd877e82f00b7c4deb8bba7a5cea6b53065432849bec5,201612,FALSE,CNES direto por CNPJ em dezembro; ausencia nao prova inexistencia de atendimento terceirizado.,2026-09-24
03735788,2016,CISLAV,original_84,10,2701335.48,evidencia_insuficiente,demais_sem_destino_clinico_suficientemente_documentado,evidencia_insuficiente,excluir_destino_fixo,0,0,,,,,,Documentacao legislativa confirma a finalidade de apoiar programas de saude; nao identifica unidade ou prestador de 2014-2016,outputs/decisoes_documentais_91_entidades_ano.csv; evidencias/decisoes_sete_entidades_2026_09_10.csv,https://sapl.lavras.mg.leg.br/media/sapl/public/materialegislativa/2024/6/1._ple_021_2024_projeto.pdf,https://cosecsmg.org.br/consorcios/cislav-38 | https://sapl.lavras.mg.leg.br/media/sapl/public/materialegislativa/2024/6/1._ple_021_2024_projeto.pdf,2014-2016,ftp://ftp.datasus.gov.br/dissemin/publicos/CNES/200508_/Dados/ST/STMG1612.dbc,3a3446207cef372839fcd877e82f00b7c4deb8bba7a5cea6b53065432849bec5,201612,FALSE,CNES direto por CNPJ em dezembro; ausencia nao prova inexistencia de atendimento terceirizado.,2026-09-24
01111142,2016,CISMAS,original_84,14,2367375.61,sem_classificacao_anual_no_painel,cadastro_intrano_ou_posterior,tipo_clinico_em_outros_meses_fora_dezembro,sensibilidade_mensal_sem_imputar_capacidade_dezembro,0,1,6776434,64,313240,6776434,,CNES 6776434: 201601 tipo 36 | 201602 tipo 36 | 201603 tipo 36 | 201604 tipo 36 | 201605 tipo 36 | 201606 tipo 36 | 201607 tipo 64 | 201608 tipo 64 | 201609 tipo 64 | 201610 tipo 64 | 201611 tipo 64 | 201612 tipo 64,outputs/conciliacao_cismas_2016_mensal.csv; 12 fontes ST com URL e SHA256,,,,ftp://ftp.datasus.gov.br/dissemin/publicos/CNES/200508_/Dados/ST/STMG1612.dbc,3a3446207cef372839fcd877e82f00b7c4deb8bba7a5cea6b53065432849bec5,201612,FALSE,Tipo 36 em janeiro-junho e 64 em julho-dezembro; mudanca cadastral nao prova fechamento ou ausencia de atendimento. Capacidade clinica dos meses iniciais nao foi estimada.,2026-09-24
19455924,2016,CISTRI,original_84,24,2290540.92,implantacao_sem_operacao_na_maior_parte_da_janela,fase_anterior_operacao_samu,pre_operacao_samu_regional,preservar_pagamento_de_fase_pre_operacional,0,0,,,,,2018-07-03,Historia institucional registra implantacao somente em 3 de julho de 2018 depois de fase de preparacao,evidencias/fontes_conciliacao_2026_09_24.csv#cistri_inicio,https://cistri.saude.mg.gov.br/cistri/historia/,https://cistri.saude.mg.gov.br/cistri/historia/,2014-2017,ftp://ftp.datasus.gov.br/dissemin/publicos/CNES/200508_/Dados/ST/STMG1612.dbc,3a3446207cef372839fcd877e82f00b7c4deb8bba7a5cea6b53065432849bec5,201612,FALSE,CNES direto por CNPJ em dezembro; ausencia nao prova inexistencia de atendimento terceirizado. Nao converter veiculos doados em 2016 em operacao assistencial naquele ano,2026-09-24
11938399,2016,CISRU-CENTRO SUL,original_84,50,2271509.08,sem_classificacao_anual_no_painel,movel_regulacao_ou_transporte,oferta_movel_cadastrada,especificacao_movel; nao_usar_central_como_clinica,22,1,7003102 | 7042353 | 7042361 | 7042388 | 7042396 | 7042477 | 7042485 | 7042493 | 7042507 | 7042515 | 7042523 | 7042531 | 7048718 | 7048726 | 7048742 | 7048750 | 7048769 | 7048777 | 7048785 | 7048793 | 7048815 | 7048904 | 7048912,42 | 76,310210 | 310560 | 310590 | 311320 | 311800 | 311830 | 312390 | 312940 | 313740 | 313910 | 314450 | 314590 | 315080 | 315420 | 315520 | 316250 | 316500 | 316880,,,Ha unidades moveis diretamente vinculadas na competencia de dezembro.,CNES_ST_dezembro,,,,ftp://ftp.datasus.gov.br/dissemin/publicos/CNES/200508_/Dados/ST/STMG1612.dbc,3a3446207cef372839fcd877e82f00b7c4deb8bba7a5cea6b53065432849bec5,201612,FALSE,CNES direto por CNPJ em dezembro; ausencia nao prova inexistencia de atendimento terceirizado.,2026-09-24
11636961,2016,CISRUN,original_84,73,2220757.57,sem_classificacao_anual_no_painel,movel_regulacao_ou_transporte,oferta_movel_cadastrada,especificacao_movel; nao_usar_central_como_clinica,47,1,5500303 | 6972632 | 7699409 | 7699417 | 7699425 | 7699433 | 7699441 | 7699549 | 7699557 | 7699565 | 7699581 | 7720874 | 7738730 | 7738749 | 7738757 | 7738765 | 7738773 | 7738781 | 7739133 | 7739141 | 7739206 | 7739230 | 7739257 | 7739265 | 7739273 | 7739281 | 7739370 | 7739389 | 7739397 | 7739400 | 7739419 | 7739427 | 7739435 | 7739443 | 7739451 | 7739478 | 7739486 | 7739494 | 7739508 | 7739516 | 7739524 | 7739532 | 7739540 | 7739559 | 7739567 | 7739575 | 7739583 | 7740980,42 | 76,310665 | 310730 | 310825 | 310860 | 311270 | 311880 | 312030 | 312430 | 312660 | 312670 | 312733 | 312960 | 313200 | 313210 | 313505 | 313510 | 313520 | 313930 | 314100 | 314225 | 314270 | 314290 | 314330 | 314345 | 315057 | 315120 | 315213 | 315220 | 315560 | 315700 | 316110 | 316240 | 316270 | 316420 | 316800 | 317080 | 317090,,,Ha unidades moveis diretamente vinculadas na competencia de dezembro.,CNES_ST_dezembro,,,,ftp://ftp.datasus.gov.br/dissemin/publicos/CNES/200508_/Dados/ST/STMG1612.dbc,3a3446207cef372839fcd877e82f00b7c4deb8bba7a5cea6b53065432849bec5,201612,FALSE,CNES direto por CNPJ em dezembro; ausencia nao prova inexistencia de atendimento terceirizado.,2026-09-24
01208564,2016,CISMIP,candidata_externa_13,11,2101101.44,sem_classificacao_anual_no_painel,demais_sem_destino_clinico_suficientemente_documentado,sem_vinculo_direto_identificado,localizar_prestador_e_vigencia; manter_sem_tempo_clinico,0,0,,,,,,Sem clinica diretamente vinculada recuperada para dezembro; consultar fonte contextual sem retroacao.,CNES_historico_e_contexto_documental,,https://www.camaraguape.mg.gov.br/abrir_arquivo.aspx?arquivo=%7BBBA1ED7E-EBAD-666B-AD76-0C1BCDA3BCAB%7D.pdf&cdLocal=7 | https://cnes2.datasus.gov.br/Mod_Basico.asp?VCo_Unidade=3147909639691,2018-2021,ftp://ftp.datasus.gov.br/dissemin/publicos/CNES/200508_/Dados/ST/STMG1612.dbc,3a3446207cef372839fcd877e82f00b7c4deb8bba7a5cea6b53065432849bec5,201612,FALSE,CNES direto por CNPJ em dezembro; ausencia nao prova inexistencia de atendimento terceirizado.,2026-09-24
01058207,2016,CIS GRAO MOGOL,original_84,6,1905184.69,rede_multidestino_documentada_no_fim_da_janela,redes_indiretas_ou_programas,rede_multidestino_documentada_no_fim_da_janela,excluir_destino_fixo,0,0,,,,,,Relato oficial de 2018 documenta consultas e exames e transporte diario para Montes Claros e Francisco Sa nos quatro meses anteriores,outputs/decisoes_documentais_91_entidades_ano.csv; evidencias/decisoes_sete_entidades_2026_09_10.csv,https://cisgraomogol.mg.gov.br/2018/01/25/consorcio-de-saude-atende-1-108-pacientes-em-apenas-quatro-meses-de-gestao/,https://cisgraomogol.mg.gov.br/ | https://cisgraomogol.mg.gov.br/2018/01/25/consorcio-de-saude-atende-1-108-pacientes-em-apenas-quatro-meses-de-gestao/,2014-2017,ftp://ftp.datasus.gov.br/dissemin/publicos/CNES/200508_/Dados/ST/STMG1612.dbc,3a3446207cef372839fcd877e82f00b7c4deb8bba7a5cea6b53065432849bec5,201612,FALSE,CNES direto por CNPJ em dezembro; ausencia nao prova inexistencia de atendimento terceirizado.,2026-09-24
20059618,2016,CIS-URG OESTE,original_84,41,1676979.77,sem_classificacao_anual_no_painel,fase_anterior_operacao_samu,pre_operacao_samu_regional,preservar_pagamento_de_fase_pre_operacional,0,1,7997876,76,312230,,2017-06-07,Relato institucional distingue criacao em 2014 e inicio dos atendimentos em 7 de junho de 2017,evidencias/fontes_conciliacao_2026_09_24.csv#cisurg_inicio,https://cisurg.oeste.mg.gov.br/07-anos-de-funcionamento-do-samu-gerenciado-pelo-cis-urg-oeste/,https://cisurg.oeste.mg.gov.br/07-anos-de-funcionamento-do-samu-gerenciado-pelo-cis-urg-oeste/ | https://cisurg.oeste.mg.gov.br/?gnm_paged=64,2014-2015,ftp://ftp.datasus.gov.br/dissemin/publicos/CNES/200508_/Dados/ST/STMG1612.dbc,3a3446207cef372839fcd877e82f00b7c4deb8bba7a5cea6b53065432849bec5,201612,FALSE,CNES direto por CNPJ em dezembro; ausencia nao prova inexistencia de atendimento terceirizado. Nao retroagir a expansao territorial de 2022; ano inicial tem disponibilidade parcial,2026-09-24
00931990,2016,CISCOM,candidata_externa_13,5,1418013.53,sem_classificacao_anual_no_painel,demais_sem_destino_clinico_suficientemente_documentado,sem_vinculo_direto_identificado,localizar_prestador_e_vigencia; manter_sem_tempo_clinico,0,0,,,,,,Sem clinica diretamente vinculada recuperada para dezembro; consultar fonte contextual sem retroacao.,CNES_historico_e_contexto_documental,,https://abaete.mg.gov.br/wp-content/uploads/2025/06/PMS-Abaete-2022-2025.pdf,2017-2021,ftp://ftp.datasus.gov.br/dissemin/publicos/CNES/200508_/Dados/ST/STMG1612.dbc,3a3446207cef372839fcd877e82f00b7c4deb8bba7a5cea6b53065432849bec5,201612,FALSE,CNES direto por CNPJ em dezembro; ausencia nao prova inexistencia de atendimento terceirizado.,2026-09-24
09310999,2016,CISVALEGRAN,original_84,14,1389529.93,rede_indireta_documentada_sem_destinos_anuais,redes_indiretas_ou_programas,rede_indireta_documentada_sem_destinos_anuais,excluir_destino_fixo,0,0,,,,,,"O consorcio opera por unidades credenciadas e estrutura da contratada; ha referencia municipal a aditivo de credenciamento iniciado em 2014, sem lista historica completa de destinos",outputs/decisoes_documentais_91_entidades_ano.csv; evidencias/decisoes_sete_entidades_2026_09_10.csv,https://cisvalegran.mg.gov.br/quem-somos.html,https://cisvalegran.mg.gov.br/quem-somos.html | https://ptdocz.com/doc/1907428/visualizar---prefeitura-municipal-de-uberaba,2014-2016,ftp://ftp.datasus.gov.br/dissemin/publicos/CNES/200508_/Dados/ST/STMG1612.dbc,3a3446207cef372839fcd877e82f00b7c4deb8bba7a5cea6b53065432849bec5,201612,FALSE,CNES direto por CNPJ em dezembro; ausencia nao prova inexistencia de atendimento terceirizado.,2026-09-24
13220150,2016,CISNORJE,original_84,52,1354229.93,sem_classificacao_anual_no_painel,movel_regulacao_ou_transporte,oferta_movel_cadastrada,especificacao_movel; nao_usar_central_como_clinica,27,1,7096313 | 7135017 | 7135343 | 9079874 | 9110763 | 9110771 | 9110798 | 9110801 | 9110828 | 9110836 | 9110844 | 9110852 | 9110860 | 9110879 | 9110887 | 9110895 | 9110909 | 9110917 | 9110925 | 9110933 | 9110941 | 9110968 | 9110984 | 9111018 | 9111026 | 9111034 | 9111042 | 9111050,42 | 76,310090 | 310170 | 310340 | 311230 | 311370 | 312160 | 313250 | 313270 | 313330 | 313470 | 313580 | 313600 | 313920 | 314180 | 314430 | 314530 | 314630 | 314870 | 315217 | 316710 | 316860 | 316970,,,Ha unidades moveis diretamente vinculadas na competencia de dezembro.,CNES_ST_dezembro,,,,ftp://ftp.datasus.gov.br/dissemin/publicos/CNES/200508_/Dados/ST/STMG1612.dbc,3a3446207cef372839fcd877e82f00b7c4deb8bba7a5cea6b53065432849bec5,201612,FALSE,CNES direto por CNPJ em dezembro; ausencia nao prova inexistencia de atendimento terceirizado.,2026-09-24
01994407,2016,CISPORTAL,original_84,9,1336682.33,rede_indireta_sem_destinos_anuais,redes_indiretas_ou_programas,rede_indireta_sem_destinos_anuais,excluir_destino_fixo,0,0,,,,,,O sitio oficial atual confirma atendimento por credenciamento; nao foi localizada lista historica de prestadores com vigencia e endereco,outputs/decisoes_documentais_91_entidades_ano.csv; evidencias/decisoes_sete_entidades_2026_09_10.csv,https://cisportal.mg.gov.br/atendimento/,https://cisportal.mg.gov.br/atendimento/,2014-2017,ftp://ftp.datasus.gov.br/dissemin/publicos/CNES/200508_/Dados/ST/STMG1612.dbc,3a3446207cef372839fcd877e82f00b7c4deb8bba7a5cea6b53065432849bec5,201612,FALSE,CNES direto por CNPJ em dezembro; ausencia nao prova inexistencia de atendimento terceirizado.,2026-09-24
03869109,2016,CISMMA,candidata_externa_13,8,1297297.26,sem_classificacao_anual_no_painel,demais_sem_destino_clinico_suficientemente_documentado,sem_vinculo_direto_identificado,localizar_prestador_e_vigencia; manter_sem_tempo_clinico,0,0,,,,,,Sem clinica diretamente vinculada recuperada para dezembro; consultar fonte contextual sem retroacao.,CNES_historico_e_contexto_documental,,https://www.manga.mg.gov.br/noticias/cismma-elege-chapa-bienio-2019-2020-e-faz-prestacao-de-contas-do-ultimo-bienio | https://cnes2.datasus.gov.br/Mod_Ambulatorial.asp?VCo_Unidade=3139300077615,2019-2021,ftp://ftp.datasus.gov.br/dissemin/publicos/CNES/200508_/Dados/ST/STMG1612.dbc,3a3446207cef372839fcd877e82f00b7c4deb8bba7a5cea6b53065432849bec5,201612,FALSE,CNES direto por CNPJ em dezembro; ausencia nao prova inexistencia de atendimento terceirizado.,2026-09-24
01124788,2016,CONSARDOCE,candidata_externa_13,5,1267987.03,sem_classificacao_anual_no_painel,demais_sem_destino_clinico_suficientemente_documentado,sem_vinculo_direto_identificado,localizar_prestador_e_vigencia; manter_sem_tempo_clinico,0,0,,,,,,Sem clinica diretamente vinculada recuperada para dezembro; consultar fonte contextual sem retroacao.,CNES_historico_e_contexto_documental,,https://tcnotas.tce.mg.gov.br/tcjuris/Nota/BuscarArquivo/1751650 | https://portal-antigo.saude.mg.gov.br/resolucoes/story/20387-consorcios-intermunicipais-de-saude-da-macro-leste-participam-de-encontro-promovido-pela-regional-de-valadares,2017,ftp://ftp.datasus.gov.br/dissemin/publicos/CNES/200508_/Dados/ST/STMG1612.dbc,3a3446207cef372839fcd877e82f00b7c4deb8bba7a5cea6b53065432849bec5,201612,FALSE,CNES direto por CNPJ em dezembro; ausencia nao prova inexistencia de atendimento terceirizado.,2026-09-24
01257142,2016,CISSM,candidata_externa_13,7,894686.04,sem_classificacao_anual_no_painel,demais_sem_destino_clinico_suficientemente_documentado,sem_vinculo_direto_identificado,localizar_prestador_e_vigencia; manter_sem_tempo_clinico,0,0,,,,,,Sem clinica diretamente vinculada recuperada para dezembro; consultar fonte contextual sem retroacao.,CNES_historico_e_contexto_documental,,https://tcnotas.tce.mg.gov.br/tcjuris/Nota/BuscarArquivo/4169429,2018-2021,ftp://ftp.datasus.gov.br/dissemin/publicos/CNES/200508_/Dados/ST/STMG1612.dbc,3a3446207cef372839fcd877e82f00b7c4deb8bba7a5cea6b53065432849bec5,201612,FALSE,CNES direto por CNPJ em dezembro; ausencia nao prova inexistencia de atendimento terceirizado.,2026-09-24
20101246,2016,CONSURGE,original_84,24,835253.03,sem_classificacao_anual_no_painel,fase_anterior_operacao_samu,pre_operacao_samu_regional,preservar_pagamento_de_fase_pre_operacional,0,1,7498268,81,312770,,2020-12-28,Relatorio estadual de 2021 registra inauguracao em 28 de dezembro de 2020 e distingue a primeira da segunda fase,evidencias/fontes_conciliacao_2026_09_24.csv#consurge_inicio,https://www.saude.mg.gov.br/wp-content/uploads/2021/01/2o-RDQA-2021-Volume-I-CES-7bb.pdf,,,ftp://ftp.datasus.gov.br/dissemin/publicos/CNES/200508_/Dados/ST/STMG1612.dbc,3a3446207cef372839fcd877e82f00b7c4deb8bba7a5cea6b53065432849bec5,201612,FALSE,CNES direto por CNPJ em dezembro; ausencia nao prova inexistencia de atendimento terceirizado. Inauguracao no fim do ano nao comprova disponibilidade integral em 2020 nem cobertura da segunda fase,2026-09-24
20433216,2016,CISREUNO,original_84,25,805173.18,atividade_administrativa_pre_operacao,fase_anterior_operacao_samu,pre_operacao_samu_regional,preservar_pagamento_de_fase_pre_operacional,0,0,,,,,2022-10,Portal distingue inicio das atividades em janeiro de 2015 e implantacao oficial em outubro de 2022,evidencias/fontes_conciliacao_2026_09_24.csv#cisreuno_inicio,https://cisreuno.saude.mg.gov.br/cisreuno/institucional/,https://cisreuno.saude.mg.gov.br/cisreuno/institucional/ | https://cisreuno.saude.mg.gov.br/cisreuno/resolucoes/,2015-2016,ftp://ftp.datasus.gov.br/dissemin/publicos/CNES/200508_/Dados/ST/STMG1612.dbc,3a3446207cef372839fcd877e82f00b7c4deb8bba7a5cea6b53065432849bec5,201612,FALSE,CNES direto por CNPJ em dezembro; ausencia nao prova inexistencia de atendimento terceirizado. A data de implantacao e posterior a janela; nao prova ausencia de toda atividade administrativa ou outro servico anterior,2026-09-24
01289973,2016,CISAMSF,original_84,5,610471.7,evidencia_insuficiente,demais_sem_destino_clinico_suficientemente_documentado,evidencia_insuficiente,excluir_destino_fixo,0,0,,,,,,O sitio atual confirma servicos de saude e sede em Januaria; nao foi localizado prestador anual ou unidade assistencial identificavel para 2014-2016,outputs/decisoes_documentais_91_entidades_ano.csv; evidencias/decisoes_sete_entidades_2026_09_10.csv,https://cisamsf.com.br/,https://cisamsf.com.br/,2014-2016,ftp://ftp.datasus.gov.br/dissemin/publicos/CNES/200508_/Dados/ST/STMG1612.dbc,3a3446207cef372839fcd877e82f00b7c4deb8bba7a5cea6b53065432849bec5,201612,FALSE,CNES direto por CNPJ em dezembro; ausencia nao prova inexistencia de atendimento terceirizado.,2026-09-24
01256507,2016,CISLAP,original_84,5,588783.96,rede_indireta_sem_destinos_anuais,redes_indiretas_ou_programas,rede_indireta_sem_destinos_anuais,excluir_destino_fixo,0,0,,,,,,Fonte oficial municipal documenta servicos especializados contratados e suspensao por falta de pagamento em 2018; nao identifica prestadores e enderecos de 2014-2016,outputs/decisoes_documentais_91_entidades_ano.csv; evidencias/decisoes_sete_entidades_2026_09_10.csv,https://www.cassia.cam.mg.gov.br/camara-demonstra-grande-preocupacao-com-situacao-do-consorcio-de-saude/,https://www.cassia.cam.mg.gov.br/camara-demonstra-grande-preocupacao-com-situacao-do-consorcio-de-saude/,2014-2016,ftp://ftp.datasus.gov.br/dissemin/publicos/CNES/200508_/Dados/ST/STMG1612.dbc,3a3446207cef372839fcd877e82f00b7c4deb8bba7a5cea6b53065432849bec5,201612,FALSE,CNES direto por CNPJ em dezembro; ausencia nao prova inexistencia de atendimento terceirizado.,2026-09-24
23866705,2016,CISVALES,original_84,6,439498.2,implantacao_planejada_operacao_nao_comprovada,demais_sem_destino_clinico_suficientemente_documentado,implantacao_planejada_operacao_nao_comprovada,excluir_da_especificacao_de_destino_fixo,0,0,,,,,,Audiencia de 2019 discute implantacao do SAMU. Nao ha unidade fixa diretamente ligada nos oito dezembros; planejamento nao comprova operacao nem capacidade.,outputs/decisoes_documentais_91_entidades_ano.csv; evidencias/decisoes_sete_entidades_2026_09_10.csv,https://www.almg.gov.br/projetos-de-lei/RQC/294/2019,https://www.almg.gov.br/projetos-de-lei/RQC/294/2019,Audiencia de 2019 discute implantacao do SAMU. Nao ha unidade fixa diretamente ligada nos oito dezembros; planejamento nao comprova operacao nem capacidade.,ftp://ftp.datasus.gov.br/dissemin/publicos/CNES/200508_/Dados/ST/STMG1612.dbc,3a3446207cef372839fcd877e82f00b7c4deb8bba7a5cea6b53065432849bec5,201612,FALSE,CNES direto por CNPJ em dezembro; ausencia nao prova inexistencia de atendimento terceirizado.,2026-09-24
00784548,2016,CONSONORTE,original_84,1,422723.95,evidencia_insuficiente,demais_sem_destino_clinico_suficientemente_documentado,evidencia_insuficiente,excluir_destino_fixo,0,0,,,,,,Nao foi localizado prestador ou polo anual identificavel; a literatura institucional apenas confirma a existencia do consorcio de saude no periodo,outputs/decisoes_documentais_91_entidades_ano.csv; evidencias/decisoes_sete_entidades_2026_09_10.csv,https://repositorio.fjp.mg.gov.br/items/c5bf1126-785a-4bd8-a68c-95c5f00c3125,https://repositorio.fjp.mg.gov.br/items/c5bf1126-785a-4bd8-a68c-95c5f00c3125,2014-2018,ftp://ftp.datasus.gov.br/dissemin/publicos/CNES/200508_/Dados/ST/STMG1612.dbc,3a3446207cef372839fcd877e82f00b7c4deb8bba7a5cea6b53065432849bec5,201612,FALSE,CNES direto por CNPJ em dezembro; ausencia nao prova inexistencia de atendimento terceirizado.,2026-09-24
02287790,2016,CONSORCIO INTERMUNICIPAL DE SAUDE DA REG FRONT ESTADOS DA BA. MG. E ES.,original_84,1,220479.94,historica_sem_polo_documentado,historicas_sem_polo,historica_sem_polo_documentado,excluir_da_especificacao_de_destino_fixo,0,0,,,,,,Registro institucional posterior nao prova oferta em 2014-2021; sem vinculo CNES direto nos oito anos.,outputs/decisoes_documentais_91_entidades_ano.csv; evidencias/decisoes_sete_entidades_2026_09_10.csv,https://doc.tce.mg.gov.br/Home/ViewDiario/2026_01_28_Diario.pdf,https://doc.tce.mg.gov.br/Home/ViewDiario/2026_01_28_Diario.pdf,Registro institucional posterior nao prova oferta em 2014-2021; sem vinculo CNES direto nos oito anos.,ftp://ftp.datasus.gov.br/dissemin/publicos/CNES/200508_/Dados/ST/STMG1612.dbc,3a3446207cef372839fcd877e82f00b7c4deb8bba7a5cea6b53065432849bec5,201612,FALSE,CNES direto por CNPJ em dezembro; ausencia nao prova inexistencia de atendimento terceirizado.,2026-09-24
18151467,2016,AMVAP SAUDE,original_84,17,95500,rede_indireta_sem_destinos_anuais,redes_indiretas_ou_programas,rede_indireta_sem_destinos_anuais,excluir_destino_fixo,0,0,,,,,,O portal oficial preserva demonstrativos de 2017 e descreve procedimentos e transporte; nao fornece neste material prestadores de 2014-2017,outputs/decisoes_documentais_91_entidades_ano.csv; evidencias/decisoes_sete_entidades_2026_09_10.csv,https://www.amvapsaude.com.br/transparencia/,https://www.amvapsaude.com.br/transparencia/,2014-2017,ftp://ftp.datasus.gov.br/dissemin/publicos/CNES/200508_/Dados/ST/STMG1612.dbc,3a3446207cef372839fcd877e82f00b7c4deb8bba7a5cea6b53065432849bec5,201612,FALSE,CNES direto por CNPJ em dezembro; ausencia nao prova inexistencia de atendimento terceirizado.,2026-09-24
00840724,2016,CIS/UBA,original_84,1,13902,historica_sem_polo_documentado,historicas_sem_polo,historica_sem_polo_documentado,excluir_da_especificacao_de_destino_fixo,0,0,,,,,,Existencia institucional e pagamentos historicos nao identificam prestador; sem vinculo CNES direto nos oito anos. Inaptidao cadastral nao prova data de encerramento assistencial.,outputs/decisoes_documentais_91_entidades_ano.csv; evidencias/decisoes_sete_entidades_2026_09_10.csv,https://sapl.uba.mg.leg.br/media/sapl/public/materialegislativa/1996/11193/projeto_de_lei_055.pdf,https://sapl.uba.mg.leg.br/media/sapl/public/materialegislativa/1996/11193/projeto_de_lei_055.pdf,Existencia institucional e pagamentos historicos nao identificam prestador; sem vinculo CNES direto nos oito anos. Inaptidao cadastral nao prova data de encerramento assistencial.,ftp://ftp.datasus.gov.br/dissemin/publicos/CNES/200508_/Dados/ST/STMG1612.dbc,3a3446207cef372839fcd877e82f00b7c4deb8bba7a5cea6b53065432849bec5,201612,FALSE,CNES direto por CNPJ em dezembro; ausencia nao prova inexistencia de atendimento terceirizado.,2026-09-24
71203715,2017,CIS CIRCUITO DAS AGUAS,original_84,18,16603678.41,sem_classificacao_anual_no_painel,demais_sem_destino_clinico_suficientemente_documentado,somente_estrutura_nao_clinica_cadastrada,localizar_prestador_e_vigencia; manter_sem_tempo_clinico,0,1,7919204,68,316370,,,CNES de dezembro contem somente centrais de gestao ou regulacao.,CNES_ST_dezembro,,https://www.ciscircuitodasaguas.org.br/ | https://www.fhemig.mg.gov.br/files/3070/ConsorcioEntidades-Filantropicas---CSSFe/33901/Ata-de-Julgamento---CSSFE--Edital-06/2024.pdf?preview=1,2014-2015,ftp://ftp.datasus.gov.br/dissemin/publicos/CNES/200508_/Dados/ST/STMG1712.dbc,b54e47c75a91875652ff57d9030148cbd6baddd14c3552be67e8ae365d4855f1,201712,FALSE,CNES direto por CNPJ em dezembro; ausencia nao prova inexistencia de atendimento terceirizado. Ata de 17/11/2017 localizada no indice; acesso ao PDF HTTP 403; conteudo nao utilizado.,2026-09-24
13985869,2017,CISSUL,original_84,132,7575102.75,sem_classificacao_anual_no_painel,movel_regulacao_ou_transporte,samu_regional_documentado,especificacao_movel_com_vigencia_propria,0,1,7659873,76,317070,,2015-01-31,Relato institucional retrospectivo identifica inicio da operacao em 31 de janeiro de 2015,evidencias/fontes_conciliacao_2026_09_24.csv#cissul_inicio,https://cissul.saude.mg.gov.br/2025/cissul-samu-celebra-10-anos-e-inicia-novo-ciclo-de-conquistas/,https://www.saude.mg.gov.br/noticias/abertura-de-treinamento-para-samu-acontece-em-varginha/ | https://www.saude.mg.gov.br/wp-content/uploads/2014/11/A_agenda_da_saude_publica_WEB-726.pdf,2014,ftp://ftp.datasus.gov.br/dissemin/publicos/CNES/200508_/Dados/ST/STMG1712.dbc,b54e47c75a91875652ff57d9030148cbd6baddd14c3552be67e8ae365d4855f1,201712,FALSE,CNES direto por CNPJ em dezembro; ausencia nao prova inexistencia de atendimento terceirizado. Nao mede continuidade diaria nem prova inexistencia de outras atividades antes dessa data,2026-09-24
97550393,2017,CIAS - CONSORCIO INTERMUNICIPAL DE SAUDE,original_84,22,5409372.36,sem_evidencia_suficiente_de_polo_no_ano,demais_sem_destino_clinico_suficientemente_documentado,sem_evidencia_suficiente_de_polo_no_ano,excluir_da_especificacao_de_destino_fixo,0,0,,,,,,CNES historico: hospital-dia em Santa Luzia em dezembro de 2014 e janeiro de 2015. Termo assinado em 2024 refere explicitamente regulacao SAMU em 2021-2022; nao identifica hospital ou bases anuais.,outputs/decisoes_documentais_91_entidades_ano.csv; evidencias/decisoes_sete_entidades_2026_09_10.csv,https://dom.santaluzia.mg.gov.br/?mec-events=termo-de-ajuste-de-contas-6,https://dom.santaluzia.mg.gov.br/?mec-events=termo-de-ajuste-de-contas-6,CNES historico: hospital-dia em Santa Luzia em dezembro de 2014 e janeiro de 2015. Termo assinado em 2024 refere explicitamente regulacao SAMU em 2021-2022; nao identifica hospital ou bases anuais.,ftp://ftp.datasus.gov.br/dissemin/publicos/CNES/200508_/Dados/ST/STMG1712.dbc,b54e47c75a91875652ff57d9030148cbd6baddd14c3552be67e8ae365d4855f1,201712,FALSE,CNES direto por CNPJ em dezembro; ausencia nao prova inexistencia de atendimento terceirizado.,2026-09-24
17813026,2017,CISDESTE,original_84,94,4625617.51,sem_classificacao_anual_no_painel,movel_regulacao_ou_transporte,oferta_movel_cadastrada,especificacao_movel; nao_usar_central_como_clinica,39,1,7476809 | 7478267 | 7539932 | 7539940 | 7539967 | 7539975 | 7539983 | 7539991 | 7540000 | 7540019 | 7540035 | 7541090 | 7541104 | 7541120 | 7545509 | 7545517 | 7548044 | 7548052 | 7548109 | 7548125 | 7548133 | 7570678 | 7572085 | 7572336 | 7572379 | 7572387 | 7572417 | 7572425 | 7575289 | 7575319 | 7588348 | 7588356 | 7588364 | 7588372 | 7588399 | 7588402 | 7588410 | 7588429 | 7588437 | 7594488,42 | 76,310150 | 310280 | 310460 | 310690 | 310750 | 311330 | 311530 | 312400 | 312420 | 312595 | 312738 | 313670 | 313800 | 313840 | 313860 | 314080 | 314220 | 314390 | 314820 | 315580 | 315590 | 316070 | 316290 | 316570 | 316990 | 317200,,,Ha unidades moveis diretamente vinculadas na competencia de dezembro.,CNES_ST_dezembro,,,,ftp://ftp.datasus.gov.br/dissemin/publicos/CNES/200508_/Dados/ST/STMG1712.dbc,b54e47c75a91875652ff57d9030148cbd6baddd14c3552be67e8ae365d4855f1,201712,FALSE,CNES direto por CNPJ em dezembro; ausencia nao prova inexistencia de atendimento terceirizado.,2026-09-24
03735788,2017,CISLAV,original_84,10,4140198.7,sem_classificacao_anual_no_painel,demais_sem_destino_clinico_suficientemente_documentado,somente_estrutura_nao_clinica_cadastrada,localizar_prestador_e_vigencia; manter_sem_tempo_clinico,0,1,9368221,68,313820,,,CNES de dezembro contem somente centrais de gestao ou regulacao.,CNES_ST_dezembro,,https://cosecsmg.org.br/consorcios/cislav-38 | https://sapl.lavras.mg.leg.br/media/sapl/public/materialegislativa/2024/6/1._ple_021_2024_projeto.pdf,2014-2016,ftp://ftp.datasus.gov.br/dissemin/publicos/CNES/200508_/Dados/ST/STMG1712.dbc,b54e47c75a91875652ff57d9030148cbd6baddd14c3552be67e8ae365d4855f1,201712,FALSE,CNES direto por CNPJ em dezembro; ausencia nao prova inexistencia de atendimento terceirizado.,2026-09-24
20059618,2017,CIS-URG OESTE,original_84,48,4029436.07,sem_classificacao_anual_no_painel,movel_regulacao_ou_transporte,inicio_samu_durante_ano,especificacao_movel_com_vigencia_propria,31,1,7997876 | 9317430 | 9317449 | 9323635 | 9323643 | 9323651 | 9323678 | 9323686 | 9323694 | 9323708 | 9337253 | 9337261 | 9337296 | 9337318 | 9337326 | 9337334 | 9337342 | 9337350 | 9337377 | 9337385 | 9337393 | 9337407 | 9337415 | 9337423 | 9337512 | 9337717 | 9337733 | 9337768 | 9337776 | 9346139 | 9346147 | 9346155,42 | 76,310420 | 310510 | 310740 | 311120 | 311200 | 311450 | 311660 | 312230 | 312320 | 312610 | 313220 | 313350 | 313380 | 313720 | 313880 | 314050 | 314520 | 314560 | 314710 | 315050 | 315140 | 315990 | 316040,,2017-06-07,Relato institucional distingue criacao em 2014 e inicio dos atendimentos em 7 de junho de 2017,evidencias/fontes_conciliacao_2026_09_24.csv#cisurg_inicio,https://cisurg.oeste.mg.gov.br/07-anos-de-funcionamento-do-samu-gerenciado-pelo-cis-urg-oeste/,https://cisurg.oeste.mg.gov.br/07-anos-de-funcionamento-do-samu-gerenciado-pelo-cis-urg-oeste/ | https://cisurg.oeste.mg.gov.br/?gnm_paged=64,2014-2015,ftp://ftp.datasus.gov.br/dissemin/publicos/CNES/200508_/Dados/ST/STMG1712.dbc,b54e47c75a91875652ff57d9030148cbd6baddd14c3552be67e8ae365d4855f1,201712,FALSE,CNES direto por CNPJ em dezembro; ausencia nao prova inexistencia de atendimento terceirizado. Nao retroagir a expansao territorial de 2022; ano inicial tem disponibilidade parcial,2026-09-24
01999898,2017,CIS CAPARAO,original_84,13,3210082.53,rede_indireta_e_movel_sem_vinculo_de_capacidade,redes_indiretas_ou_programas,rede_indireta_e_movel_sem_vinculo_de_capacidade,excluir_destino_fixo,0,0,,,,,,O sitio oficial descreve profissionais credenciados e remocao por UTI movel; documento municipal de 2014 registra subvenC'C#o ao Hospital Cesar Leite sem provar que o consorcio o mantinha,outputs/decisoes_documentais_91_entidades_ano.csv; evidencias/decisoes_sete_entidades_2026_09_10.csv,https://www.ciscaparao.mg.gov.br/Index.aspx,https://www.ciscaparao.mg.gov.br/Index.aspx | https://www.reduto.mg.gov.br/legislacao-categorias/leis-ordinarias/leis-ordinarias-2013/862-lei-ordinaria-n-362-2013/file,2014-2017,ftp://ftp.datasus.gov.br/dissemin/publicos/CNES/200508_/Dados/ST/STMG1712.dbc,b54e47c75a91875652ff57d9030148cbd6baddd14c3552be67e8ae365d4855f1,201712,FALSE,CNES direto por CNPJ em dezembro; ausencia nao prova inexistencia de atendimento terceirizado.,2026-09-24
11636961,2017,CISRUN,original_84,75,2884595.32,sem_classificacao_anual_no_painel,movel_regulacao_ou_transporte,oferta_movel_cadastrada,especificacao_movel; nao_usar_central_como_clinica,47,1,5500303 | 6972632 | 7699409 | 7699417 | 7699425 | 7699433 | 7699441 | 7699549 | 7699557 | 7699565 | 7699581 | 7720874 | 7738730 | 7738749 | 7738757 | 7738765 | 7738773 | 7738781 | 7739133 | 7739141 | 7739206 | 7739230 | 7739257 | 7739265 | 7739273 | 7739281 | 7739370 | 7739389 | 7739397 | 7739400 | 7739419 | 7739427 | 7739435 | 7739443 | 7739451 | 7739478 | 7739486 | 7739494 | 7739508 | 7739516 | 7739524 | 7739532 | 7739540 | 7739559 | 7739567 | 7739575 | 7739583 | 7740980,42 | 76,310665 | 310730 | 310825 | 310860 | 311270 | 311880 | 312030 | 312430 | 312660 | 312670 | 312733 | 312960 | 313200 | 313210 | 313505 | 313510 | 313520 | 313930 | 314100 | 314225 | 314270 | 314290 | 314330 | 314345 | 315057 | 315120 | 315213 | 315220 | 315560 | 315700 | 316110 | 316240 | 316270 | 316420 | 316800 | 317080 | 317090,,,Ha unidades moveis diretamente vinculadas na competencia de dezembro.,CNES_ST_dezembro,,,,ftp://ftp.datasus.gov.br/dissemin/publicos/CNES/200508_/Dados/ST/STMG1712.dbc,b54e47c75a91875652ff57d9030148cbd6baddd14c3552be67e8ae365d4855f1,201712,FALSE,CNES direto por CNPJ em dezembro; ausencia nao prova inexistencia de atendimento terceirizado.,2026-09-24
11938399,2017,CISRU-CENTRO SUL,original_84,49,2337219.37,sem_classificacao_anual_no_painel,movel_regulacao_ou_transporte,oferta_movel_cadastrada,especificacao_movel; nao_usar_central_como_clinica,22,1,7003102 | 7042353 | 7042361 | 7042388 | 7042396 | 7042477 | 7042485 | 7042493 | 7042507 | 7042515 | 7042523 | 7042531 | 7048718 | 7048726 | 7048742 | 7048750 | 7048769 | 7048777 | 7048785 | 7048793 | 7048815 | 7048904 | 7048912,42 | 76,310210 | 310560 | 310590 | 311320 | 311800 | 311830 | 312390 | 312940 | 313740 | 313910 | 314450 | 314590 | 315080 | 315420 | 315520 | 316250 | 316500 | 316880,,,Ha unidades moveis diretamente vinculadas na competencia de dezembro.,CNES_ST_dezembro,,,,ftp://ftp.datasus.gov.br/dissemin/publicos/CNES/200508_/Dados/ST/STMG1712.dbc,b54e47c75a91875652ff57d9030148cbd6baddd14c3552be67e8ae365d4855f1,201712,FALSE,CNES direto por CNPJ em dezembro; ausencia nao prova inexistencia de atendimento terceirizado.,2026-09-24
01208564,2017,CISMIP,candidata_externa_13,11,2265104.06,sem_classificacao_anual_no_painel,demais_sem_destino_clinico_suficientemente_documentado,sem_vinculo_direto_identificado,localizar_prestador_e_vigencia; manter_sem_tempo_clinico,0,0,,,,,,Sem clinica diretamente vinculada recuperada para dezembro; consultar fonte contextual sem retroacao.,CNES_historico_e_contexto_documental,,https://www.camaraguape.mg.gov.br/abrir_arquivo.aspx?arquivo=%7BBBA1ED7E-EBAD-666B-AD76-0C1BCDA3BCAB%7D.pdf&cdLocal=7 | https://cnes2.datasus.gov.br/Mod_Basico.asp?VCo_Unidade=3147909639691,2018-2021,ftp://ftp.datasus.gov.br/dissemin/publicos/CNES/200508_/Dados/ST/STMG1712.dbc,b54e47c75a91875652ff57d9030148cbd6baddd14c3552be67e8ae365d4855f1,201712,FALSE,CNES direto por CNPJ em dezembro; ausencia nao prova inexistencia de atendimento terceirizado.,2026-09-24
13220150,2017,CISNORJE,original_84,53,2149732.51,sem_classificacao_anual_no_painel,movel_regulacao_ou_transporte,oferta_movel_cadastrada,especificacao_movel; nao_usar_central_como_clinica,30,1,7096313 | 7135017 | 7135343 | 9079874 | 9110763 | 9110771 | 9110798 | 9110801 | 9110828 | 9110836 | 9110844 | 9110852 | 9110860 | 9110879 | 9110887 | 9110895 | 9110909 | 9110917 | 9110925 | 9110933 | 9110941 | 9110968 | 9110984 | 9111018 | 9111026 | 9111034 | 9111042 | 9111050 | 9232583 | 9232591 | 9232605,42 | 76,310090 | 310170 | 310340 | 311230 | 311370 | 312160 | 313250 | 313270 | 313330 | 313470 | 313580 | 313600 | 313920 | 314180 | 314430 | 314530 | 314630 | 314870 | 315217 | 316710 | 316860 | 316970,,,Ha unidades moveis diretamente vinculadas na competencia de dezembro.,CNES_ST_dezembro,,,,ftp://ftp.datasus.gov.br/dissemin/publicos/CNES/200508_/Dados/ST/STMG1712.dbc,b54e47c75a91875652ff57d9030148cbd6baddd14c3552be67e8ae365d4855f1,201712,FALSE,CNES direto por CNPJ em dezembro; ausencia nao prova inexistencia de atendimento terceirizado.,2026-09-24
01058207,2017,CIS GRAO MOGOL,original_84,6,2122532.51,rede_multidestino_documentada_no_fim_da_janela,redes_indiretas_ou_programas,rede_multidestino_documentada_no_fim_da_janela,excluir_destino_fixo,0,0,,,,,,Relato oficial de 2018 documenta consultas e exames e transporte diario para Montes Claros e Francisco Sa nos quatro meses anteriores,outputs/decisoes_documentais_91_entidades_ano.csv; evidencias/decisoes_sete_entidades_2026_09_10.csv,https://cisgraomogol.mg.gov.br/2018/01/25/consorcio-de-saude-atende-1-108-pacientes-em-apenas-quatro-meses-de-gestao/,https://cisgraomogol.mg.gov.br/ | https://cisgraomogol.mg.gov.br/2018/01/25/consorcio-de-saude-atende-1-108-pacientes-em-apenas-quatro-meses-de-gestao/,2014-2017,ftp://ftp.datasus.gov.br/dissemin/publicos/CNES/200508_/Dados/ST/STMG1712.dbc,b54e47c75a91875652ff57d9030148cbd6baddd14c3552be67e8ae365d4855f1,201712,FALSE,CNES direto por CNPJ em dezembro; ausencia nao prova inexistencia de atendimento terceirizado.,2026-09-24
00931990,2017,CISCOM,candidata_externa_13,5,1972297.95,sem_classificacao_anual_no_painel,demais_sem_destino_clinico_suficientemente_documentado,sem_vinculo_direto_identificado,localizar_prestador_e_vigencia; manter_sem_tempo_clinico,0,0,,,,,,Sem clinica diretamente vinculada recuperada para dezembro; consultar fonte contextual sem retroacao.,CNES_historico_e_contexto_documental,,https://abaete.mg.gov.br/wp-content/uploads/2025/06/PMS-Abaete-2022-2025.pdf,2017-2021,ftp://ftp.datasus.gov.br/dissemin/publicos/CNES/200508_/Dados/ST/STMG1712.dbc,b54e47c75a91875652ff57d9030148cbd6baddd14c3552be67e8ae365d4855f1,201712,FALSE,CNES direto por CNPJ em dezembro; ausencia nao prova inexistencia de atendimento terceirizado.,2026-09-24
01124788,2017,CONSARDOCE,candidata_externa_13,5,1480894.75,sem_classificacao_anual_no_painel,demais_sem_destino_clinico_suficientemente_documentado,sem_vinculo_direto_identificado,localizar_prestador_e_vigencia; manter_sem_tempo_clinico,0,0,,,,,,Sem clinica diretamente vinculada recuperada para dezembro; consultar fonte contextual sem retroacao.,CNES_historico_e_contexto_documental,,https://tcnotas.tce.mg.gov.br/tcjuris/Nota/BuscarArquivo/1751650 | https://portal-antigo.saude.mg.gov.br/resolucoes/story/20387-consorcios-intermunicipais-de-saude-da-macro-leste-participam-de-encontro-promovido-pela-regional-de-valadares,2017,ftp://ftp.datasus.gov.br/dissemin/publicos/CNES/200508_/Dados/ST/STMG1712.dbc,b54e47c75a91875652ff57d9030148cbd6baddd14c3552be67e8ae365d4855f1,201712,FALSE,CNES direto por CNPJ em dezembro; ausencia nao prova inexistencia de atendimento terceirizado.,2026-09-24
01994407,2017,CISPORTAL,original_84,9,1458151.82,rede_indireta_sem_destinos_anuais,redes_indiretas_ou_programas,rede_indireta_sem_destinos_anuais,excluir_destino_fixo,0,0,,,,,,O sitio oficial atual confirma atendimento por credenciamento; nao foi localizada lista historica de prestadores com vigencia e endereco,outputs/decisoes_documentais_91_entidades_ano.csv; evidencias/decisoes_sete_entidades_2026_09_10.csv,https://cisportal.mg.gov.br/atendimento/,https://cisportal.mg.gov.br/atendimento/,2014-2017,ftp://ftp.datasus.gov.br/dissemin/publicos/CNES/200508_/Dados/ST/STMG1712.dbc,b54e47c75a91875652ff57d9030148cbd6baddd14c3552be67e8ae365d4855f1,201712,FALSE,CNES direto por CNPJ em dezembro; ausencia nao prova inexistencia de atendimento terceirizado.,2026-09-24
09310999,2017,CISVALEGRAN,original_84,12,1245547.94,sem_classificacao_anual_no_painel,demais_sem_destino_clinico_suficientemente_documentado,somente_estrutura_nao_clinica_cadastrada,localizar_prestador_e_vigencia; manter_sem_tempo_clinico,0,1,9366822,68,317010,,,CNES de dezembro contem somente centrais de gestao ou regulacao.,CNES_ST_dezembro,,https://cisvalegran.mg.gov.br/quem-somos.html | https://ptdocz.com/doc/1907428/visualizar---prefeitura-municipal-de-uberaba,2014-2016,ftp://ftp.datasus.gov.br/dissemin/publicos/CNES/200508_/Dados/ST/STMG1712.dbc,b54e47c75a91875652ff57d9030148cbd6baddd14c3552be67e8ae365d4855f1,201712,FALSE,CNES direto por CNPJ em dezembro; ausencia nao prova inexistencia de atendimento terceirizado.,2026-09-24
01257142,2017,CISSM,candidata_externa_13,7,1197100.27,sem_classificacao_anual_no_painel,demais_sem_destino_clinico_suficientemente_documentado,sem_vinculo_direto_identificado,localizar_prestador_e_vigencia; manter_sem_tempo_clinico,0,0,,,,,,Sem clinica diretamente vinculada recuperada para dezembro; consultar fonte contextual sem retroacao.,CNES_historico_e_contexto_documental,,https://tcnotas.tce.mg.gov.br/tcjuris/Nota/BuscarArquivo/4169429,2018-2021,ftp://ftp.datasus.gov.br/dissemin/publicos/CNES/200508_/Dados/ST/STMG1712.dbc,b54e47c75a91875652ff57d9030148cbd6baddd14c3552be67e8ae365d4855f1,201712,FALSE,CNES direto por CNPJ em dezembro; ausencia nao prova inexistencia de atendimento terceirizado.,2026-09-24
19455924,2017,CISTRI,original_84,21,1013275.79,implantacao_sem_operacao_na_maior_parte_da_janela,fase_anterior_operacao_samu,pre_operacao_samu_regional,preservar_pagamento_de_fase_pre_operacional,0,0,,,,,2018-07-03,Historia institucional registra implantacao somente em 3 de julho de 2018 depois de fase de preparacao,evidencias/fontes_conciliacao_2026_09_24.csv#cistri_inicio,https://cistri.saude.mg.gov.br/cistri/historia/,https://cistri.saude.mg.gov.br/cistri/historia/,2014-2017,ftp://ftp.datasus.gov.br/dissemin/publicos/CNES/200508_/Dados/ST/STMG1712.dbc,b54e47c75a91875652ff57d9030148cbd6baddd14c3552be67e8ae365d4855f1,201712,FALSE,CNES direto por CNPJ em dezembro; ausencia nao prova inexistencia de atendimento terceirizado. Nao converter veiculos doados em 2016 em operacao assistencial naquele ano,2026-09-24
03869109,2017,CISMMA,candidata_externa_13,7,1005410.81,sem_classificacao_anual_no_painel,demais_sem_destino_clinico_suficientemente_documentado,sem_vinculo_direto_identificado,localizar_prestador_e_vigencia; manter_sem_tempo_clinico,0,0,,,,,,Sem clinica diretamente vinculada recuperada para dezembro; consultar fonte contextual sem retroacao.,CNES_historico_e_contexto_documental,,https://www.manga.mg.gov.br/noticias/cismma-elege-chapa-bienio-2019-2020-e-faz-prestacao-de-contas-do-ultimo-bienio | https://cnes2.datasus.gov.br/Mod_Ambulatorial.asp?VCo_Unidade=3139300077615,2019-2021,ftp://ftp.datasus.gov.br/dissemin/publicos/CNES/200508_/Dados/ST/STMG1712.dbc,b54e47c75a91875652ff57d9030148cbd6baddd14c3552be67e8ae365d4855f1,201712,FALSE,CNES direto por CNPJ em dezembro; ausencia nao prova inexistencia de atendimento terceirizado.,2026-09-24
64486822,2017,CONSORCIO INTERMUNICIPAL DE SAUDE DO ALTO SAO FRANCISCO,original_84,8,842632.1,fixa_em_outros_meses_ausente_em_dezembro,cadastro_intrano_ou_posterior,tipo_clinico_em_outros_meses_fora_dezembro,sensibilidade_mensal_sem_imputar_capacidade_dezembro,0,0,,,,2143674,,ST mensal contem tipo clinico no ano; dezembro nao contem destino clinico.,CNES_ST_mensal; outputs/manifesto_cnes_historico_saude_mg.csv,https://bvsms.saude.gov.br/bvs/saudelegis/gm/2015/prt2139_18_12_2015.html,https://bvsms.saude.gov.br/bvs/saudelegis/gm/2015/prt2139_18_12_2015.html,CNES historico liga hospital em Moema ao CNPJ em dezembro de 2014-2016 com 26 leitos SUS; portaria corrobora identidade do hospital. Presenca em parte de 2017 nao equivale a dezembro.,ftp://ftp.datasus.gov.br/dissemin/publicos/CNES/200508_/Dados/ST/STMG1712.dbc,b54e47c75a91875652ff57d9030148cbd6baddd14c3552be67e8ae365d4855f1,201712,FALSE,CNES direto por CNPJ em dezembro; ausencia nao prova inexistencia de atendimento terceirizado. Lista anual de tipos nao identifica sozinha os meses de cada tipo.,2026-09-24
20101246,2017,CONSURGE,original_84,29,659849.37,sem_classificacao_anual_no_painel,fase_anterior_operacao_samu,pre_operacao_samu_regional,preservar_pagamento_de_fase_pre_operacional,0,1,7498268,81,312770,,2020-12-28,Relatorio estadual de 2021 registra inauguracao em 28 de dezembro de 2020 e distingue a primeira da segunda fase,evidencias/fontes_conciliacao_2026_09_24.csv#consurge_inicio,https://www.saude.mg.gov.br/wp-content/uploads/2021/01/2o-RDQA-2021-Volume-I-CES-7bb.pdf,,,ftp://ftp.datasus.gov.br/dissemin/publicos/CNES/200508_/Dados/ST/STMG1712.dbc,b54e47c75a91875652ff57d9030148cbd6baddd14c3552be67e8ae365d4855f1,201712,FALSE,CNES direto por CNPJ em dezembro; ausencia nao prova inexistencia de atendimento terceirizado. Inauguracao no fim do ano nao comprova disponibilidade integral em 2020 nem cobertura da segunda fase,2026-09-24
23866705,2017,CISVALES,original_84,2,296322.69,implantacao_planejada_operacao_nao_comprovada,demais_sem_destino_clinico_suficientemente_documentado,implantacao_planejada_operacao_nao_comprovada,excluir_da_especificacao_de_destino_fixo,0,0,,,,,,Audiencia de 2019 discute implantacao do SAMU. Nao ha unidade fixa diretamente ligada nos oito dezembros; planejamento nao comprova operacao nem capacidade.,outputs/decisoes_documentais_91_entidades_ano.csv; evidencias/decisoes_sete_entidades_2026_09_10.csv,https://www.almg.gov.br/projetos-de-lei/RQC/294/2019,https://www.almg.gov.br/projetos-de-lei/RQC/294/2019,Audiencia de 2019 discute implantacao do SAMU. Nao ha unidade fixa diretamente ligada nos oito dezembros; planejamento nao comprova operacao nem capacidade.,ftp://ftp.datasus.gov.br/dissemin/publicos/CNES/200508_/Dados/ST/STMG1712.dbc,b54e47c75a91875652ff57d9030148cbd6baddd14c3552be67e8ae365d4855f1,201712,FALSE,CNES direto por CNPJ em dezembro; ausencia nao prova inexistencia de atendimento terceirizado.,2026-09-24
02287790,2017,CONSORCIO INTERMUNICIPAL DE SAUDE DA REG FRONT ESTADOS DA BA. MG. E ES.,original_84,1,230641.02,historica_sem_polo_documentado,historicas_sem_polo,historica_sem_polo_documentado,excluir_da_especificacao_de_destino_fixo,0,0,,,,,,Registro institucional posterior nao prova oferta em 2014-2021; sem vinculo CNES direto nos oito anos.,outputs/decisoes_documentais_91_entidades_ano.csv; evidencias/decisoes_sete_entidades_2026_09_10.csv,https://doc.tce.mg.gov.br/Home/ViewDiario/2026_01_28_Diario.pdf,https://doc.tce.mg.gov.br/Home/ViewDiario/2026_01_28_Diario.pdf,Registro institucional posterior nao prova oferta em 2014-2021; sem vinculo CNES direto nos oito anos.,ftp://ftp.datasus.gov.br/dissemin/publicos/CNES/200508_/Dados/ST/STMG1712.dbc,b54e47c75a91875652ff57d9030148cbd6baddd14c3552be67e8ae365d4855f1,201712,FALSE,CNES direto por CNPJ em dezembro; ausencia nao prova inexistencia de atendimento terceirizado.,2026-09-24
01260691,2017,CISPARA,original_84,9,220959.05,fixa_intrano_ausente_em_dezembro,cadastro_intrano_ou_posterior,tipo_clinico_em_outros_meses_fora_dezembro,sensibilidade_mensal_sem_imputar_capacidade_dezembro,0,0,,,,6311709,,ST mensal contem tipo clinico no ano; dezembro nao contem destino clinico.,CNES_ST_mensal; outputs/manifesto_cnes_historico_saude_mg.csv,https://www.cispara.mg.gov.br/consorcio/apresentacao,https://cnes2.datasus.gov.br/Mod_Basico.asp?VCo_Unidade=3147106311709 | https://www.cispara.mg.gov.br/consorcio/apresentacao,2017,ftp://ftp.datasus.gov.br/dissemin/publicos/CNES/200508_/Dados/ST/STMG1712.dbc,b54e47c75a91875652ff57d9030148cbd6baddd14c3552be67e8ae365d4855f1,201712,FALSE,CNES direto por CNPJ em dezembro; ausencia nao prova inexistencia de atendimento terceirizado. Lista anual de tipos nao identifica sozinha os meses de cada tipo.,2026-09-24
20433216,2017,CISREUNO,original_84,16,71534.75,sem_classificacao_anual_no_painel,fase_anterior_operacao_samu,pre_operacao_samu_regional,preservar_pagamento_de_fase_pre_operacional,0,1,9187170,81,314800,,2022-10,Portal distingue inicio das atividades em janeiro de 2015 e implantacao oficial em outubro de 2022,evidencias/fontes_conciliacao_2026_09_24.csv#cisreuno_inicio,https://cisreuno.saude.mg.gov.br/cisreuno/institucional/,https://cisreuno.saude.mg.gov.br/cisreuno/institucional/ | https://cisreuno.saude.mg.gov.br/cisreuno/resolucoes/,2015-2016,ftp://ftp.datasus.gov.br/dissemin/publicos/CNES/200508_/Dados/ST/STMG1712.dbc,b54e47c75a91875652ff57d9030148cbd6baddd14c3552be67e8ae365d4855f1,201712,FALSE,CNES direto por CNPJ em dezembro; ausencia nao prova inexistencia de atendimento terceirizado. A data de implantacao e posterior a janela; nao prova ausencia de toda atividade administrativa ou outro servico anterior,2026-09-24
00784548,2017,CONSONORTE,original_84,6,70416.04,evidencia_insuficiente,demais_sem_destino_clinico_suficientemente_documentado,evidencia_insuficiente,excluir_destino_fixo,0,0,,,,,,Nao foi localizado prestador ou polo anual identificavel; a literatura institucional apenas confirma a existencia do consorcio de saude no periodo,outputs/decisoes_documentais_91_entidades_ano.csv; evidencias/decisoes_sete_entidades_2026_09_10.csv,https://repositorio.fjp.mg.gov.br/items/c5bf1126-785a-4bd8-a68c-95c5f00c3125,https://repositorio.fjp.mg.gov.br/items/c5bf1126-785a-4bd8-a68c-95c5f00c3125,2014-2018,ftp://ftp.datasus.gov.br/dissemin/publicos/CNES/200508_/Dados/ST/STMG1712.dbc,b54e47c75a91875652ff57d9030148cbd6baddd14c3552be67e8ae365d4855f1,201712,FALSE,CNES direto por CNPJ em dezembro; ausencia nao prova inexistencia de atendimento terceirizado.,2026-09-24
18151467,2017,AMVAP SAUDE,original_84,8,24000,rede_indireta_sem_destinos_anuais,redes_indiretas_ou_programas,rede_indireta_sem_destinos_anuais,excluir_destino_fixo,0,0,,,,,,O portal oficial preserva demonstrativos de 2017 e descreve procedimentos e transporte; nao fornece neste material prestadores de 2014-2017,outputs/decisoes_documentais_91_entidades_ano.csv; evidencias/decisoes_sete_entidades_2026_09_10.csv,https://www.amvapsaude.com.br/transparencia/,https://www.amvapsaude.com.br/transparencia/,2014-2017,ftp://ftp.datasus.gov.br/dissemin/publicos/CNES/200508_/Dados/ST/STMG1712.dbc,b54e47c75a91875652ff57d9030148cbd6baddd14c3552be67e8ae365d4855f1,201712,FALSE,CNES direto por CNPJ em dezembro; ausencia nao prova inexistencia de atendimento terceirizado.,2026-09-24
13985869,2018,CISSUL,original_84,141,8372238.25,sem_classificacao_anual_no_painel,movel_regulacao_ou_transporte,samu_regional_documentado,especificacao_movel_com_vigencia_propria,0,1,7659873,76,317070,,2015-01-31,Relato institucional retrospectivo identifica inicio da operacao em 31 de janeiro de 2015,evidencias/fontes_conciliacao_2026_09_24.csv#cissul_inicio,https://cissul.saude.mg.gov.br/2025/cissul-samu-celebra-10-anos-e-inicia-novo-ciclo-de-conquistas/,https://www.saude.mg.gov.br/noticias/abertura-de-treinamento-para-samu-acontece-em-varginha/ | https://www.saude.mg.gov.br/wp-content/uploads/2014/11/A_agenda_da_saude_publica_WEB-726.pdf,2014,ftp://ftp.datasus.gov.br/dissemin/publicos/CNES/200508_/Dados/ST/STMG1812.dbc,1b8b21f0c35752603d2b668fc68858b589e12772fad4a3c6eab0bef694852007,201812,FALSE,CNES direto por CNPJ em dezembro; ausencia nao prova inexistencia de atendimento terceirizado. Nao mede continuidade diaria nem prova inexistencia de outras atividades antes dessa data,2026-09-24
20059618,2018,CIS-URG OESTE,original_84,54,7197170.94,sem_classificacao_anual_no_painel,movel_regulacao_ou_transporte,samu_regional_documentado,especificacao_movel_com_vigencia_propria,31,1,7997876 | 9317430 | 9317449 | 9323635 | 9323643 | 9323651 | 9323678 | 9323686 | 9323694 | 9323708 | 9337253 | 9337261 | 9337296 | 9337318 | 9337326 | 9337334 | 9337342 | 9337350 | 9337377 | 9337385 | 9337393 | 9337407 | 9337415 | 9337423 | 9337512 | 9337717 | 9337733 | 9337768 | 9337776 | 9346139 | 9346147 | 9346155,42 | 76,310420 | 310510 | 310740 | 311120 | 311200 | 311450 | 311660 | 312230 | 312320 | 312610 | 313220 | 313350 | 313380 | 313720 | 313880 | 314050 | 314520 | 314560 | 314710 | 315050 | 315140 | 315990 | 316040,,2017-06-07,Relato institucional distingue criacao em 2014 e inicio dos atendimentos em 7 de junho de 2017,evidencias/fontes_conciliacao_2026_09_24.csv#cisurg_inicio,https://cisurg.oeste.mg.gov.br/07-anos-de-funcionamento-do-samu-gerenciado-pelo-cis-urg-oeste/,https://cisurg.oeste.mg.gov.br/07-anos-de-funcionamento-do-samu-gerenciado-pelo-cis-urg-oeste/ | https://cisurg.oeste.mg.gov.br/?gnm_paged=64,2014-2015,ftp://ftp.datasus.gov.br/dissemin/publicos/CNES/200508_/Dados/ST/STMG1812.dbc,1b8b21f0c35752603d2b668fc68858b589e12772fad4a3c6eab0bef694852007,201812,FALSE,CNES direto por CNPJ em dezembro; ausencia nao prova inexistencia de atendimento terceirizado. Nao retroagir a expansao territorial de 2022; ano inicial tem disponibilidade parcial,2026-09-24
97550393,2018,CIAS - CONSORCIO INTERMUNICIPAL DE SAUDE,original_84,21,4399864.6,sem_evidencia_suficiente_de_polo_no_ano,demais_sem_destino_clinico_suficientemente_documentado,sem_evidencia_suficiente_de_polo_no_ano,excluir_da_especificacao_de_destino_fixo,0,0,,,,,,CNES historico: hospital-dia em Santa Luzia em dezembro de 2014 e janeiro de 2015. Termo assinado em 2024 refere explicitamente regulacao SAMU em 2021-2022; nao identifica hospital ou bases anuais.,outputs/decisoes_documentais_91_entidades_ano.csv; evidencias/decisoes_sete_entidades_2026_09_10.csv,https://dom.santaluzia.mg.gov.br/?mec-events=termo-de-ajuste-de-contas-6,https://dom.santaluzia.mg.gov.br/?mec-events=termo-de-ajuste-de-contas-6,CNES historico: hospital-dia em Santa Luzia em dezembro de 2014 e janeiro de 2015. Termo assinado em 2024 refere explicitamente regulacao SAMU em 2021-2022; nao identifica hospital ou bases anuais.,ftp://ftp.datasus.gov.br/dissemin/publicos/CNES/200508_/Dados/ST/STMG1812.dbc,1b8b21f0c35752603d2b668fc68858b589e12772fad4a3c6eab0bef694852007,201812,FALSE,CNES direto por CNPJ em dezembro; ausencia nao prova inexistencia de atendimento terceirizado.,2026-09-24
17813026,2018,CISDESTE,original_84,93,3742635.88,sem_classificacao_anual_no_painel,movel_regulacao_ou_transporte,oferta_movel_cadastrada,especificacao_movel; nao_usar_central_como_clinica,39,1,7476809 | 7478267 | 7539932 | 7539940 | 7539967 | 7539975 | 7539983 | 7539991 | 7540000 | 7540019 | 7540035 | 7541090 | 7541104 | 7541120 | 7545509 | 7545517 | 7548044 | 7548052 | 7548109 | 7548125 | 7548133 | 7570678 | 7572085 | 7572336 | 7572379 | 7572387 | 7572417 | 7572425 | 7575289 | 7575319 | 7588348 | 7588356 | 7588364 | 7588372 | 7588399 | 7588402 | 7588410 | 7588429 | 7588437 | 7594488,42 | 76,310150 | 310280 | 310460 | 310690 | 310750 | 311330 | 311530 | 312400 | 312420 | 312595 | 312738 | 313670 | 313800 | 313840 | 313860 | 314080 | 314220 | 314390 | 314820 | 315580 | 315590 | 316070 | 316290 | 316570 | 316990 | 317200,,,Ha unidades moveis diretamente vinculadas na competencia de dezembro.,CNES_ST_dezembro,,,,ftp://ftp.datasus.gov.br/dissemin/publicos/CNES/200508_/Dados/ST/STMG1812.dbc,1b8b21f0c35752603d2b668fc68858b589e12772fad4a3c6eab0bef694852007,201812,FALSE,CNES direto por CNPJ em dezembro; ausencia nao prova inexistencia de atendimento terceirizado.,2026-09-24
11636961,2018,CISRUN,original_84,71,2957066.07,sem_classificacao_anual_no_painel,movel_regulacao_ou_transporte,oferta_movel_cadastrada,especificacao_movel; nao_usar_central_como_clinica,48,1,5500303 | 6972632 | 7699409 | 7699417 | 7699425 | 7699433 | 7699441 | 7699549 | 7699557 | 7699565 | 7699581 | 7720874 | 7738730 | 7738749 | 7738757 | 7738765 | 7738773 | 7738781 | 7739133 | 7739141 | 7739206 | 7739230 | 7739257 | 7739265 | 7739273 | 7739281 | 7739370 | 7739389 | 7739397 | 7739400 | 7739419 | 7739427 | 7739435 | 7739443 | 7739451 | 7739478 | 7739486 | 7739494 | 7739508 | 7739516 | 7739524 | 7739532 | 7739540 | 7739559 | 7739567 | 7739575 | 7739583 | 7740980 | 9642013,42 | 76,310665 | 310730 | 310825 | 310860 | 311270 | 311880 | 312030 | 312430 | 312660 | 312670 | 312733 | 312960 | 313200 | 313210 | 313505 | 313510 | 313520 | 313930 | 314100 | 314225 | 314270 | 314290 | 314330 | 314345 | 315057 | 315120 | 315213 | 315220 | 315560 | 315700 | 316110 | 316240 | 316270 | 316420 | 316800 | 317080 | 317090,,,Ha unidades moveis diretamente vinculadas na competencia de dezembro.,CNES_ST_dezembro,,,,ftp://ftp.datasus.gov.br/dissemin/publicos/CNES/200508_/Dados/ST/STMG1812.dbc,1b8b21f0c35752603d2b668fc68858b589e12772fad4a3c6eab0bef694852007,201812,FALSE,CNES direto por CNPJ em dezembro; ausencia nao prova inexistencia de atendimento terceirizado.,2026-09-24
11938399,2018,CISRU-CENTRO SUL,original_84,50,2913695.78,sem_classificacao_anual_no_painel,movel_regulacao_ou_transporte,oferta_movel_cadastrada,especificacao_movel; nao_usar_central_como_clinica,22,1,7003102 | 7042353 | 7042361 | 7042388 | 7042396 | 7042477 | 7042485 | 7042493 | 7042507 | 7042515 | 7042523 | 7042531 | 7048718 | 7048726 | 7048742 | 7048750 | 7048769 | 7048777 | 7048785 | 7048793 | 7048815 | 7048904 | 7048912,42 | 76,310210 | 310560 | 310590 | 311320 | 311800 | 311830 | 312390 | 312940 | 313740 | 313910 | 314450 | 314590 | 315080 | 315420 | 315520 | 316250 | 316500 | 316880,,,Ha unidades moveis diretamente vinculadas na competencia de dezembro.,CNES_ST_dezembro,,,,ftp://ftp.datasus.gov.br/dissemin/publicos/CNES/200508_/Dados/ST/STMG1812.dbc,1b8b21f0c35752603d2b668fc68858b589e12772fad4a3c6eab0bef694852007,201812,FALSE,CNES direto por CNPJ em dezembro; ausencia nao prova inexistencia de atendimento terceirizado.,2026-09-24
13220150,2018,CISNORJE,original_84,57,1749035.07,sem_classificacao_anual_no_painel,movel_regulacao_ou_transporte,oferta_movel_cadastrada,especificacao_movel; nao_usar_central_como_clinica,30,1,7096313 | 7135017 | 7135343 | 9079874 | 9110763 | 9110771 | 9110798 | 9110801 | 9110828 | 9110836 | 9110844 | 9110852 | 9110860 | 9110879 | 9110887 | 9110895 | 9110909 | 9110917 | 9110925 | 9110933 | 9110941 | 9110968 | 9110984 | 9111018 | 9111026 | 9111034 | 9111042 | 9111050 | 9232583 | 9232591 | 9232605,42 | 76,310090 | 310170 | 310340 | 311230 | 311370 | 312160 | 313250 | 313270 | 313330 | 313470 | 313580 | 313600 | 313920 | 314180 | 314430 | 314530 | 314630 | 314870 | 315217 | 316710 | 316860 | 316970,,,Ha unidades moveis diretamente vinculadas na competencia de dezembro.,CNES_ST_dezembro,,,,ftp://ftp.datasus.gov.br/dissemin/publicos/CNES/200508_/Dados/ST/STMG1812.dbc,1b8b21f0c35752603d2b668fc68858b589e12772fad4a3c6eab0bef694852007,201812,FALSE,CNES direto por CNPJ em dezembro; ausencia nao prova inexistencia de atendimento terceirizado.,2026-09-24
01124788,2018,CONSARDOCE,candidata_externa_13,5,1576863.81,sem_classificacao_anual_no_painel,demais_sem_destino_clinico_suficientemente_documentado,sem_vinculo_direto_identificado,localizar_prestador_e_vigencia; manter_sem_tempo_clinico,0,0,,,,,,Sem clinica diretamente vinculada recuperada para dezembro; consultar fonte contextual sem retroacao.,CNES_historico_e_contexto_documental,,https://tcnotas.tce.mg.gov.br/tcjuris/Nota/BuscarArquivo/1751650 | https://portal-antigo.saude.mg.gov.br/resolucoes/story/20387-consorcios-intermunicipais-de-saude-da-macro-leste-participam-de-encontro-promovido-pela-regional-de-valadares,2017,ftp://ftp.datasus.gov.br/dissemin/publicos/CNES/200508_/Dados/ST/STMG1812.dbc,1b8b21f0c35752603d2b668fc68858b589e12772fad4a3c6eab0bef694852007,201812,FALSE,CNES direto por CNPJ em dezembro; ausencia nao prova inexistencia de atendimento terceirizado.,2026-09-24
03869109,2018,CISMMA,candidata_externa_13,6,1511261.99,sem_classificacao_anual_no_painel,demais_sem_destino_clinico_suficientemente_documentado,sem_vinculo_direto_identificado,localizar_prestador_e_vigencia; manter_sem_tempo_clinico,0,0,,,,,,Sem clinica diretamente vinculada recuperada para dezembro; consultar fonte contextual sem retroacao.,CNES_historico_e_contexto_documental,,https://www.manga.mg.gov.br/noticias/cismma-elege-chapa-bienio-2019-2020-e-faz-prestacao-de-contas-do-ultimo-bienio | https://cnes2.datasus.gov.br/Mod_Ambulatorial.asp?VCo_Unidade=3139300077615,2019-2021,ftp://ftp.datasus.gov.br/dissemin/publicos/CNES/200508_/Dados/ST/STMG1812.dbc,1b8b21f0c35752603d2b668fc68858b589e12772fad4a3c6eab0bef694852007,201812,FALSE,CNES direto por CNPJ em dezembro; ausencia nao prova inexistencia de atendimento terceirizado.,2026-09-24
19455924,2018,CISTRI,original_84,26,1224327.88,sem_classificacao_anual_no_painel,movel_regulacao_ou_transporte,inicio_samu_durante_ano,especificacao_movel_com_vigencia_propria,21,1,9502904 | 9561889 | 9561897 | 9561900 | 9561919 | 9561927 | 9561935 | 9561943 | 9561978 | 9561986 | 9561994 | 9562001 | 9562036 | 9562044 | 9562052 | 9562060 | 9562079 | 9562087 | 9562095 | 9562109 | 9562141 | 9562168,42 | 76,310350 | 311110 | 311260 | 311580 | 311930 | 312480 | 312910 | 313160 | 313420 | 314280 | 314310 | 314500 | 314810 | 315280 | 315980 | 316960 | 317020,,2018-07-03,Historia institucional registra implantacao somente em 3 de julho de 2018 depois de fase de preparacao,evidencias/fontes_conciliacao_2026_09_24.csv#cistri_inicio,https://cistri.saude.mg.gov.br/cistri/historia/,https://cistri.saude.mg.gov.br/cistri/historia/,2014-2017,ftp://ftp.datasus.gov.br/dissemin/publicos/CNES/200508_/Dados/ST/STMG1812.dbc,1b8b21f0c35752603d2b668fc68858b589e12772fad4a3c6eab0bef694852007,201812,FALSE,CNES direto por CNPJ em dezembro; ausencia nao prova inexistencia de atendimento terceirizado. Nao converter veiculos doados em 2016 em operacao assistencial naquele ano,2026-09-24
20101246,2018,CONSURGE,original_84,26,797121.83,sem_classificacao_anual_no_painel,fase_anterior_operacao_samu,pre_operacao_samu_regional,preservar_pagamento_de_fase_pre_operacional,0,1,7498268,81,312770,,2020-12-28,Relatorio estadual de 2021 registra inauguracao em 28 de dezembro de 2020 e distingue a primeira da segunda fase,evidencias/fontes_conciliacao_2026_09_24.csv#consurge_inicio,https://www.saude.mg.gov.br/wp-content/uploads/2021/01/2o-RDQA-2021-Volume-I-CES-7bb.pdf,,,ftp://ftp.datasus.gov.br/dissemin/publicos/CNES/200508_/Dados/ST/STMG1812.dbc,1b8b21f0c35752603d2b668fc68858b589e12772fad4a3c6eab0bef694852007,201812,FALSE,CNES direto por CNPJ em dezembro; ausencia nao prova inexistencia de atendimento terceirizado. Inauguracao no fim do ano nao comprova disponibilidade integral em 2020 nem cobertura da segunda fase,2026-09-24
23866705,2018,CISVALES,original_84,6,544515.16,implantacao_planejada_operacao_nao_comprovada,demais_sem_destino_clinico_suficientemente_documentado,implantacao_planejada_operacao_nao_comprovada,excluir_da_especificacao_de_destino_fixo,0,0,,,,,,Audiencia de 2019 discute implantacao do SAMU. Nao ha unidade fixa diretamente ligada nos oito dezembros; planejamento nao comprova operacao nem capacidade.,outputs/decisoes_documentais_91_entidades_ano.csv; evidencias/decisoes_sete_entidades_2026_09_10.csv,https://www.almg.gov.br/projetos-de-lei/RQC/294/2019,https://www.almg.gov.br/projetos-de-lei/RQC/294/2019,Audiencia de 2019 discute implantacao do SAMU. Nao ha unidade fixa diretamente ligada nos oito dezembros; planejamento nao comprova operacao nem capacidade.,ftp://ftp.datasus.gov.br/dissemin/publicos/CNES/200508_/Dados/ST/STMG1812.dbc,1b8b21f0c35752603d2b668fc68858b589e12772fad4a3c6eab0bef694852007,201812,FALSE,CNES direto por CNPJ em dezembro; ausencia nao prova inexistencia de atendimento terceirizado.,2026-09-24
20433216,2018,CISREUNO,original_84,16,190403.72,sem_classificacao_anual_no_painel,fase_anterior_operacao_samu,pre_operacao_samu_regional,preservar_pagamento_de_fase_pre_operacional,0,1,9187170,81,314800,,2022-10,Portal distingue inicio das atividades em janeiro de 2015 e implantacao oficial em outubro de 2022,evidencias/fontes_conciliacao_2026_09_24.csv#cisreuno_inicio,https://cisreuno.saude.mg.gov.br/cisreuno/institucional/,https://cisreuno.saude.mg.gov.br/cisreuno/institucional/ | https://cisreuno.saude.mg.gov.br/cisreuno/resolucoes/,2015-2016,ftp://ftp.datasus.gov.br/dissemin/publicos/CNES/200508_/Dados/ST/STMG1812.dbc,1b8b21f0c35752603d2b668fc68858b589e12772fad4a3c6eab0bef694852007,201812,FALSE,CNES direto por CNPJ em dezembro; ausencia nao prova inexistencia de atendimento terceirizado. A data de implantacao e posterior a janela; nao prova ausencia de toda atividade administrativa ou outro servico anterior,2026-09-24
02287790,2018,CONSORCIO INTERMUNICIPAL DE SAUDE DA REG FRONT ESTADOS DA BA. MG. E ES.,original_84,1,166036.56,historica_sem_polo_documentado,historicas_sem_polo,historica_sem_polo_documentado,excluir_da_especificacao_de_destino_fixo,0,0,,,,,,Registro institucional posterior nao prova oferta em 2014-2021; sem vinculo CNES direto nos oito anos.,outputs/decisoes_documentais_91_entidades_ano.csv; evidencias/decisoes_sete_entidades_2026_09_10.csv,https://doc.tce.mg.gov.br/Home/ViewDiario/2026_01_28_Diario.pdf,https://doc.tce.mg.gov.br/Home/ViewDiario/2026_01_28_Diario.pdf,Registro institucional posterior nao prova oferta em 2014-2021; sem vinculo CNES direto nos oito anos.,ftp://ftp.datasus.gov.br/dissemin/publicos/CNES/200508_/Dados/ST/STMG1812.dbc,1b8b21f0c35752603d2b668fc68858b589e12772fad4a3c6eab0bef694852007,201812,FALSE,CNES direto por CNPJ em dezembro; ausencia nao prova inexistencia de atendimento terceirizado.,2026-09-24
64486822,2018,CONSORCIO INTERMUNICIPAL DE SAUDE DO ALTO SAO FRANCISCO,original_84,6,112674.9,sem_evidencia_suficiente_de_polo_no_ano,demais_sem_destino_clinico_suficientemente_documentado,sem_evidencia_suficiente_de_polo_no_ano,excluir_da_especificacao_de_destino_fixo,0,0,,,,,,CNES historico liga hospital em Moema ao CNPJ em dezembro de 2014-2016 com 26 leitos SUS; portaria corrobora identidade do hospital. Presenca em parte de 2017 nao equivale a dezembro.,outputs/decisoes_documentais_91_entidades_ano.csv; evidencias/decisoes_sete_entidades_2026_09_10.csv,https://bvsms.saude.gov.br/bvs/saudelegis/gm/2015/prt2139_18_12_2015.html,https://bvsms.saude.gov.br/bvs/saudelegis/gm/2015/prt2139_18_12_2015.html,CNES historico liga hospital em Moema ao CNPJ em dezembro de 2014-2016 com 26 leitos SUS; portaria corrobora identidade do hospital. Presenca em parte de 2017 nao equivale a dezembro.,ftp://ftp.datasus.gov.br/dissemin/publicos/CNES/200508_/Dados/ST/STMG1812.dbc,1b8b21f0c35752603d2b668fc68858b589e12772fad4a3c6eab0bef694852007,201812,FALSE,CNES direto por CNPJ em dezembro; ausencia nao prova inexistencia de atendimento terceirizado.,2026-09-24
00784548,2018,CONSONORTE,original_84,4,7484.82,evidencia_insuficiente,demais_sem_destino_clinico_suficientemente_documentado,evidencia_insuficiente,excluir_destino_fixo,0,0,,,,,,Nao foi localizado prestador ou polo anual identificavel; a literatura institucional apenas confirma a existencia do consorcio de saude no periodo,outputs/decisoes_documentais_91_entidades_ano.csv; evidencias/decisoes_sete_entidades_2026_09_10.csv,https://repositorio.fjp.mg.gov.br/items/c5bf1126-785a-4bd8-a68c-95c5f00c3125,https://repositorio.fjp.mg.gov.br/items/c5bf1126-785a-4bd8-a68c-95c5f00c3125,2014-2018,ftp://ftp.datasus.gov.br/dissemin/publicos/CNES/200508_/Dados/ST/STMG1812.dbc,1b8b21f0c35752603d2b668fc68858b589e12772fad4a3c6eab0bef694852007,201812,FALSE,CNES direto por CNPJ em dezembro; ausencia nao prova inexistencia de atendimento terceirizado.,2026-09-24
13985869,2019,CISSUL,original_84,138,8119725.43,sem_classificacao_anual_no_painel,movel_regulacao_ou_transporte,samu_regional_documentado,especificacao_movel_com_vigencia_propria,1,1,7659873 | 9774297,42 | 76,317070,,2015-01-31,Relato institucional retrospectivo identifica inicio da operacao em 31 de janeiro de 2015,evidencias/fontes_conciliacao_2026_09_24.csv#cissul_inicio,https://cissul.saude.mg.gov.br/2025/cissul-samu-celebra-10-anos-e-inicia-novo-ciclo-de-conquistas/,https://www.saude.mg.gov.br/noticias/abertura-de-treinamento-para-samu-acontece-em-varginha/ | https://www.saude.mg.gov.br/wp-content/uploads/2014/11/A_agenda_da_saude_publica_WEB-726.pdf,2014,ftp://ftp.datasus.gov.br/dissemin/publicos/CNES/200508_/Dados/ST/STMG1912.dbc,5f579d94f5d00389191753c0f955755bb7723006a0ca2fa2cad709f4b61f4837,201912,FALSE,CNES direto por CNPJ em dezembro; ausencia nao prova inexistencia de atendimento terceirizado. Nao mede continuidade diaria nem prova inexistencia de outras atividades antes dessa data,2026-09-24
20059618,2019,CIS-URG OESTE,original_84,54,7759197.35,sem_classificacao_anual_no_painel,movel_regulacao_ou_transporte,samu_regional_documentado,especificacao_movel_com_vigencia_propria,31,1,7997876 | 9317430 | 9317449 | 9323635 | 9323643 | 9323651 | 9323678 | 9323686 | 9323694 | 9323708 | 9337253 | 9337261 | 9337296 | 9337318 | 9337326 | 9337334 | 9337342 | 9337350 | 9337377 | 9337385 | 9337393 | 9337407 | 9337415 | 9337423 | 9337512 | 9337717 | 9337733 | 9337768 | 9337776 | 9346139 | 9346147 | 9346155,42 | 76,310420 | 310510 | 310740 | 311120 | 311200 | 311450 | 311660 | 312230 | 312320 | 312610 | 313220 | 313350 | 313380 | 313720 | 313880 | 314050 | 314520 | 314560 | 314710 | 315050 | 315140 | 315990 | 316040,,2017-06-07,Relato institucional distingue criacao em 2014 e inicio dos atendimentos em 7 de junho de 2017,evidencias/fontes_conciliacao_2026_09_24.csv#cisurg_inicio,https://cisurg.oeste.mg.gov.br/07-anos-de-funcionamento-do-samu-gerenciado-pelo-cis-urg-oeste/,https://cisurg.oeste.mg.gov.br/07-anos-de-funcionamento-do-samu-gerenciado-pelo-cis-urg-oeste/ | https://cisurg.oeste.mg.gov.br/?gnm_paged=64,2014-2015,ftp://ftp.datasus.gov.br/dissemin/publicos/CNES/200508_/Dados/ST/STMG1912.dbc,5f579d94f5d00389191753c0f955755bb7723006a0ca2fa2cad709f4b61f4837,201912,FALSE,CNES direto por CNPJ em dezembro; ausencia nao prova inexistencia de atendimento terceirizado. Nao retroagir a expansao territorial de 2022; ano inicial tem disponibilidade parcial,2026-09-24
17813026,2019,CISDESTE,original_84,92,7739235.21,sem_classificacao_anual_no_painel,movel_regulacao_ou_transporte,oferta_movel_cadastrada,especificacao_movel; nao_usar_central_como_clinica,39,1,7476809 | 7478267 | 7539932 | 7539940 | 7539967 | 7539975 | 7539983 | 7539991 | 7540000 | 7540019 | 7540035 | 7541090 | 7541104 | 7541120 | 7545509 | 7545517 | 7548044 | 7548052 | 7548109 | 7548125 | 7548133 | 7570678 | 7572085 | 7572336 | 7572379 | 7572387 | 7572417 | 7572425 | 7575289 | 7575319 | 7588348 | 7588356 | 7588364 | 7588372 | 7588399 | 7588402 | 7588410 | 7588429 | 7588437 | 7594488,42 | 76,310150 | 310280 | 310460 | 310690 | 310750 | 311330 | 311530 | 312400 | 312420 | 312595 | 312738 | 313670 | 313800 | 313840 | 313860 | 314080 | 314220 | 314390 | 314820 | 315580 | 315590 | 316070 | 316290 | 316570 | 316990 | 317200,,,Ha unidades moveis diretamente vinculadas na competencia de dezembro.,CNES_ST_dezembro,,,,ftp://ftp.datasus.gov.br/dissemin/publicos/CNES/200508_/Dados/ST/STMG1912.dbc,5f579d94f5d00389191753c0f955755bb7723006a0ca2fa2cad709f4b61f4837,201912,FALSE,CNES direto por CNPJ em dezembro; ausencia nao prova inexistencia de atendimento terceirizado.,2026-09-24
97550393,2019,CIAS - CONSORCIO INTERMUNICIPAL DE SAUDE,original_84,20,6413633.97,sem_evidencia_suficiente_de_polo_no_ano,demais_sem_destino_clinico_suficientemente_documentado,sem_evidencia_suficiente_de_polo_no_ano,excluir_da_especificacao_de_destino_fixo,0,0,,,,,,CNES historico: hospital-dia em Santa Luzia em dezembro de 2014 e janeiro de 2015. Termo assinado em 2024 refere explicitamente regulacao SAMU em 2021-2022; nao identifica hospital ou bases anuais.,outputs/decisoes_documentais_91_entidades_ano.csv; evidencias/decisoes_sete_entidades_2026_09_10.csv,https://dom.santaluzia.mg.gov.br/?mec-events=termo-de-ajuste-de-contas-6,https://dom.santaluzia.mg.gov.br/?mec-events=termo-de-ajuste-de-contas-6,CNES historico: hospital-dia em Santa Luzia em dezembro de 2014 e janeiro de 2015. Termo assinado em 2024 refere explicitamente regulacao SAMU em 2021-2022; nao identifica hospital ou bases anuais.,ftp://ftp.datasus.gov.br/dissemin/publicos/CNES/200508_/Dados/ST/STMG1912.dbc,5f579d94f5d00389191753c0f955755bb7723006a0ca2fa2cad709f4b61f4837,201912,FALSE,CNES direto por CNPJ em dezembro; ausencia nao prova inexistencia de atendimento terceirizado.,2026-09-24
11636961,2019,CISRUN,original_84,64,2906426.53,sem_classificacao_anual_no_painel,movel_regulacao_ou_transporte,oferta_movel_cadastrada,especificacao_movel; nao_usar_central_como_clinica,56,1,5500303 | 6972632 | 7699409 | 7699417 | 7699425 | 7699433 | 7699441 | 7699549 | 7699557 | 7699565 | 7699581 | 7720874 | 7738730 | 7738749 | 7738757 | 7738765 | 7738773 | 7738781 | 7739133 | 7739141 | 7739206 | 7739230 | 7739257 | 7739265 | 7739273 | 7739281 | 7739370 | 7739389 | 7739397 | 7739400 | 7739419 | 7739427 | 7739435 | 7739443 | 7739451 | 7739478 | 7739486 | 7739494 | 7739508 | 7739516 | 7739524 | 7739532 | 7739540 | 7739559 | 7739567 | 7739575 | 7739583 | 7740980 | 9642013 | 9907564 | 9907580 | 9907599 | 9907602 | 9907769 | 9907777 | 9907785 | 9940855,42 | 76,310665 | 310730 | 310825 | 310860 | 311270 | 311880 | 312030 | 312087 | 312430 | 312660 | 312670 | 312733 | 312960 | 313200 | 313210 | 313505 | 313510 | 313520 | 313930 | 314100 | 314200 | 314225 | 314270 | 314290 | 314330 | 314345 | 314545 | 315057 | 315120 | 315213 | 315220 | 315560 | 315700 | 316110 | 316240 | 316270 | 316420 | 316800 | 317080 | 317090 | 317103,,,Ha unidades moveis diretamente vinculadas na competencia de dezembro.,CNES_ST_dezembro,,,,ftp://ftp.datasus.gov.br/dissemin/publicos/CNES/200508_/Dados/ST/STMG1912.dbc,5f579d94f5d00389191753c0f955755bb7723006a0ca2fa2cad709f4b61f4837,201912,FALSE,CNES direto por CNPJ em dezembro; ausencia nao prova inexistencia de atendimento terceirizado.,2026-09-24
11938399,2019,CISRU-CENTRO SUL,original_84,50,2799134.35,sem_classificacao_anual_no_painel,movel_regulacao_ou_transporte,oferta_movel_cadastrada,especificacao_movel; nao_usar_central_como_clinica,23,1,7003102 | 7042353 | 7042361 | 7042388 | 7042396 | 7042477 | 7042485 | 7042493 | 7042507 | 7042515 | 7042523 | 7042531 | 7048718 | 7048726 | 7048742 | 7048750 | 7048769 | 7048777 | 7048785 | 7048793 | 7048815 | 7048904 | 7048912 | 9895884,42 | 76,310210 | 310560 | 310590 | 311320 | 311800 | 311830 | 312390 | 312940 | 313740 | 313910 | 314450 | 314590 | 315080 | 315420 | 315520 | 316250 | 316500 | 316880,,,Ha unidades moveis diretamente vinculadas na competencia de dezembro.,CNES_ST_dezembro,,,,ftp://ftp.datasus.gov.br/dissemin/publicos/CNES/200508_/Dados/ST/STMG1912.dbc,5f579d94f5d00389191753c0f955755bb7723006a0ca2fa2cad709f4b61f4837,201912,FALSE,CNES direto por CNPJ em dezembro; ausencia nao prova inexistencia de atendimento terceirizado.,2026-09-24
19455924,2019,CISTRI,original_84,26,2535386.64,sem_classificacao_anual_no_painel,movel_regulacao_ou_transporte,samu_regional_documentado,especificacao_movel_com_vigencia_propria,21,1,9502904 | 9561889 | 9561897 | 9561900 | 9561919 | 9561927 | 9561935 | 9561943 | 9561978 | 9561986 | 9561994 | 9562001 | 9562036 | 9562044 | 9562052 | 9562060 | 9562079 | 9562087 | 9562095 | 9562109 | 9562141 | 9562168,42 | 76,310350 | 311110 | 311260 | 311580 | 311930 | 312480 | 312910 | 313160 | 313420 | 314280 | 314310 | 314500 | 314810 | 315280 | 315980 | 316960 | 317020,,2018-07-03,Historia institucional registra implantacao somente em 3 de julho de 2018 depois de fase de preparacao,evidencias/fontes_conciliacao_2026_09_24.csv#cistri_inicio,https://cistri.saude.mg.gov.br/cistri/historia/,https://cistri.saude.mg.gov.br/cistri/historia/,2014-2017,ftp://ftp.datasus.gov.br/dissemin/publicos/CNES/200508_/Dados/ST/STMG1912.dbc,5f579d94f5d00389191753c0f955755bb7723006a0ca2fa2cad709f4b61f4837,201912,FALSE,CNES direto por CNPJ em dezembro; ausencia nao prova inexistencia de atendimento terceirizado. Nao converter veiculos doados em 2016 em operacao assistencial naquele ano,2026-09-24
01124788,2019,CONSARDOCE,candidata_externa_13,5,1926028.51,sem_classificacao_anual_no_painel,demais_sem_destino_clinico_suficientemente_documentado,sem_vinculo_direto_identificado,localizar_prestador_e_vigencia; manter_sem_tempo_clinico,0,0,,,,,,Sem clinica diretamente vinculada recuperada para dezembro; consultar fonte contextual sem retroacao.,CNES_historico_e_contexto_documental,,https://tcnotas.tce.mg.gov.br/tcjuris/Nota/BuscarArquivo/1751650 | https://portal-antigo.saude.mg.gov.br/resolucoes/story/20387-consorcios-intermunicipais-de-saude-da-macro-leste-participam-de-encontro-promovido-pela-regional-de-valadares,2017,ftp://ftp.datasus.gov.br/dissemin/publicos/CNES/200508_/Dados/ST/STMG1912.dbc,5f579d94f5d00389191753c0f955755bb7723006a0ca2fa2cad709f4b61f4837,201912,FALSE,CNES direto por CNPJ em dezembro; ausencia nao prova inexistencia de atendimento terceirizado.,2026-09-24
13220150,2019,CISNORJE,original_84,59,1851075.83,sem_classificacao_anual_no_painel,movel_regulacao_ou_transporte,oferta_movel_cadastrada,especificacao_movel; nao_usar_central_como_clinica,36,1,7096313 | 7135017 | 7135343 | 9110763 | 9110771 | 9110798 | 9110801 | 9110828 | 9110836 | 9110844 | 9110852 | 9110860 | 9110879 | 9110887 | 9110895 | 9110909 | 9110917 | 9110925 | 9110933 | 9110941 | 9110968 | 9110984 | 9111018 | 9111026 | 9111034 | 9111042 | 9111050 | 9826718 | 9849548 | 9853219 | 9901493 | 9903682 | 9903690 | 9903704 | 9907807 | 9918620 | 9947752,42 | 76,310090 | 310170 | 310340 | 311230 | 311370 | 311610 | 312160 | 312235 | 312550 | 312560 | 312650 | 313250 | 313270 | 313330 | 313470 | 313580 | 313600 | 313652 | 313700 | 313920 | 314180 | 314430 | 314530 | 314630 | 314850 | 314870 | 315217 | 316710 | 316860 | 316970,,,Ha unidades moveis diretamente vinculadas na competencia de dezembro.,CNES_ST_dezembro,,,,ftp://ftp.datasus.gov.br/dissemin/publicos/CNES/200508_/Dados/ST/STMG1912.dbc,5f579d94f5d00389191753c0f955755bb7723006a0ca2fa2cad709f4b61f4837,201912,FALSE,CNES direto por CNPJ em dezembro; ausencia nao prova inexistencia de atendimento terceirizado.,2026-09-24
03869109,2019,CISMMA,candidata_externa_13,6,1470874.15,sem_classificacao_anual_no_painel,demais_sem_destino_clinico_suficientemente_documentado,sem_vinculo_direto_identificado,localizar_prestador_e_vigencia; manter_sem_tempo_clinico,0,0,,,,,,Sem clinica diretamente vinculada recuperada para dezembro; consultar fonte contextual sem retroacao.,CNES_historico_e_contexto_documental,,https://www.manga.mg.gov.br/noticias/cismma-elege-chapa-bienio-2019-2020-e-faz-prestacao-de-contas-do-ultimo-bienio | https://cnes2.datasus.gov.br/Mod_Ambulatorial.asp?VCo_Unidade=3139300077615,2019-2021,ftp://ftp.datasus.gov.br/dissemin/publicos/CNES/200508_/Dados/ST/STMG1912.dbc,5f579d94f5d00389191753c0f955755bb7723006a0ca2fa2cad709f4b61f4837,201912,FALSE,CNES direto por CNPJ em dezembro; ausencia nao prova inexistencia de atendimento terceirizado.,2026-09-24
20101246,2019,CONSURGE,original_84,28,783049.68,sem_classificacao_anual_no_painel,fase_anterior_operacao_samu,pre_operacao_samu_regional,preservar_pagamento_de_fase_pre_operacional,0,1,7498268,81,312770,,2020-12-28,Relatorio estadual de 2021 registra inauguracao em 28 de dezembro de 2020 e distingue a primeira da segunda fase,evidencias/fontes_conciliacao_2026_09_24.csv#consurge_inicio,https://www.saude.mg.gov.br/wp-content/uploads/2021/01/2o-RDQA-2021-Volume-I-CES-7bb.pdf,,,ftp://ftp.datasus.gov.br/dissemin/publicos/CNES/200508_/Dados/ST/STMG1912.dbc,5f579d94f5d00389191753c0f955755bb7723006a0ca2fa2cad709f4b61f4837,201912,FALSE,CNES direto por CNPJ em dezembro; ausencia nao prova inexistencia de atendimento terceirizado. Inauguracao no fim do ano nao comprova disponibilidade integral em 2020 nem cobertura da segunda fase,2026-09-24
20433216,2019,CISREUNO,original_84,17,325284.38,sem_classificacao_anual_no_painel,fase_anterior_operacao_samu,pre_operacao_samu_regional,preservar_pagamento_de_fase_pre_operacional,0,1,9187170,81,314800,,2022-10,Portal distingue inicio das atividades em janeiro de 2015 e implantacao oficial em outubro de 2022,evidencias/fontes_conciliacao_2026_09_24.csv#cisreuno_inicio,https://cisreuno.saude.mg.gov.br/cisreuno/institucional/,https://cisreuno.saude.mg.gov.br/cisreuno/institucional/ | https://cisreuno.saude.mg.gov.br/cisreuno/resolucoes/,2015-2016,ftp://ftp.datasus.gov.br/dissemin/publicos/CNES/200508_/Dados/ST/STMG1912.dbc,5f579d94f5d00389191753c0f955755bb7723006a0ca2fa2cad709f4b61f4837,201912,FALSE,CNES direto por CNPJ em dezembro; ausencia nao prova inexistencia de atendimento terceirizado. A data de implantacao e posterior a janela; nao prova ausencia de toda atividade administrativa ou outro servico anterior,2026-09-24
20310169,2019,CISTRISUL,original_84,25,165787.55,servico_aeromedico_movel_documentado,movel_regulacao_ou_transporte,servico_aeromedico_movel_documentado,excluir_destino_clinico_fixo,0,0,,,,,,O servico aeromedico com base em Uberaba operou desde 2019; o SAMU terrestre regional so iniciou em dezembro de 2025,outputs/decisoes_documentais_91_entidades_ano.csv; evidencias/decisoes_sete_entidades_2026_09_10.csv,https://cistrisul.mg.gov.br/cistrisul-institucional.html,https://cistrisul.mg.gov.br/cistrisul-institucional.html | https://irp.cdn-website.com/28209a80/files/uploaded/003_-_ATA_E_TERMO_POSSE_CISTRISUL_2020_-_20-05-20.pdf,2019-2021,ftp://ftp.datasus.gov.br/dissemin/publicos/CNES/200508_/Dados/ST/STMG1912.dbc,5f579d94f5d00389191753c0f955755bb7723006a0ca2fa2cad709f4b61f4837,201912,FALSE,CNES direto por CNPJ em dezembro; ausencia nao prova inexistencia de atendimento terceirizado.,2026-09-24
23866705,2019,CISVALES,original_84,4,101674.65,implantacao_planejada_operacao_nao_comprovada,demais_sem_destino_clinico_suficientemente_documentado,implantacao_planejada_operacao_nao_comprovada,excluir_da_especificacao_de_destino_fixo,0,0,,,,,,Audiencia de 2019 discute implantacao do SAMU. Nao ha unidade fixa diretamente ligada nos oito dezembros; planejamento nao comprova operacao nem capacidade.,outputs/decisoes_documentais_91_entidades_ano.csv; evidencias/decisoes_sete_entidades_2026_09_10.csv,https://www.almg.gov.br/projetos-de-lei/RQC/294/2019,https://www.almg.gov.br/projetos-de-lei/RQC/294/2019,Audiencia de 2019 discute implantacao do SAMU. Nao ha unidade fixa diretamente ligada nos oito dezembros; planejamento nao comprova operacao nem capacidade.,ftp://ftp.datasus.gov.br/dissemin/publicos/CNES/200508_/Dados/ST/STMG1912.dbc,5f579d94f5d00389191753c0f955755bb7723006a0ca2fa2cad709f4b61f4837,201912,FALSE,CNES direto por CNPJ em dezembro; ausencia nao prova inexistencia de atendimento terceirizado.,2026-09-24
64486822,2019,CONSORCIO INTERMUNICIPAL DE SAUDE DO ALTO SAO FRANCISCO,original_84,3,52198.4,sem_evidencia_suficiente_de_polo_no_ano,demais_sem_destino_clinico_suficientemente_documentado,sem_evidencia_suficiente_de_polo_no_ano,excluir_da_especificacao_de_destino_fixo,0,0,,,,,,CNES historico liga hospital em Moema ao CNPJ em dezembro de 2014-2016 com 26 leitos SUS; portaria corrobora identidade do hospital. Presenca em parte de 2017 nao equivale a dezembro.,outputs/decisoes_documentais_91_entidades_ano.csv; evidencias/decisoes_sete_entidades_2026_09_10.csv,https://bvsms.saude.gov.br/bvs/saudelegis/gm/2015/prt2139_18_12_2015.html,https://bvsms.saude.gov.br/bvs/saudelegis/gm/2015/prt2139_18_12_2015.html,CNES historico liga hospital em Moema ao CNPJ em dezembro de 2014-2016 com 26 leitos SUS; portaria corrobora identidade do hospital. Presenca em parte de 2017 nao equivale a dezembro.,ftp://ftp.datasus.gov.br/dissemin/publicos/CNES/200508_/Dados/ST/STMG1912.dbc,5f579d94f5d00389191753c0f955755bb7723006a0ca2fa2cad709f4b61f4837,201912,FALSE,CNES direto por CNPJ em dezembro; ausencia nao prova inexistencia de atendimento terceirizado.,2026-09-24
31974558,2019,CISAME,original_84,2,25800,rede_indireta_documentada_no_periodo,redes_indiretas_ou_programas,rede_indireta_documentada_no_periodo,excluir_destino_fixo,0,0,,,,,,Edital de 2019 credenciou pessoas fisicas e juridicas para consultas especializadas e exames em 2019-2020; nao fixa um prestador ou destino unico,outputs/decisoes_documentais_91_entidades_ano.csv; evidencias/decisoes_sete_entidades_2026_09_10.csv,https://www.ammecimme.org.br/wp-content/uploads/2019/11/Edital-CISAME-01.2019-Credenciamento.pdf,https://www.ammecimme.org.br/wp-content/uploads/2019/11/Edital-CISAME-01.2019-Credenciamento.pdf | https://www.cisame.mg.gov.br/contato/duvidas-frequentes/,2019-2020,ftp://ftp.datasus.gov.br/dissemin/publicos/CNES/200508_/Dados/ST/STMG1912.dbc,5f579d94f5d00389191753c0f955755bb7723006a0ca2fa2cad709f4b61f4837,201912,FALSE,CNES direto por CNPJ em dezembro; ausencia nao prova inexistencia de atendimento terceirizado.,2026-09-24
02287790,2019,CONSORCIO INTERMUNICIPAL DE SAUDE DA REG FRONT ESTADOS DA BA. MG. E ES.,original_84,1,16319.73,historica_sem_polo_documentado,historicas_sem_polo,historica_sem_polo_documentado,excluir_da_especificacao_de_destino_fixo,0,0,,,,,,Registro institucional posterior nao prova oferta em 2014-2021; sem vinculo CNES direto nos oito anos.,outputs/decisoes_documentais_91_entidades_ano.csv; evidencias/decisoes_sete_entidades_2026_09_10.csv,https://doc.tce.mg.gov.br/Home/ViewDiario/2026_01_28_Diario.pdf,https://doc.tce.mg.gov.br/Home/ViewDiario/2026_01_28_Diario.pdf,Registro institucional posterior nao prova oferta em 2014-2021; sem vinculo CNES direto nos oito anos.,ftp://ftp.datasus.gov.br/dissemin/publicos/CNES/200508_/Dados/ST/STMG1912.dbc,5f579d94f5d00389191753c0f955755bb7723006a0ca2fa2cad709f4b61f4837,201912,FALSE,CNES direto por CNPJ em dezembro; ausencia nao prova inexistencia de atendimento terceirizado.,2026-09-24
00840724,2019,CIS/UBA,original_84,1,6184,historica_sem_polo_documentado,historicas_sem_polo,historica_sem_polo_documentado,excluir_da_especificacao_de_destino_fixo,0,0,,,,,,Existencia institucional e pagamentos historicos nao identificam prestador; sem vinculo CNES direto nos oito anos. Inaptidao cadastral nao prova data de encerramento assistencial.,outputs/decisoes_documentais_91_entidades_ano.csv; evidencias/decisoes_sete_entidades_2026_09_10.csv,https://sapl.uba.mg.leg.br/media/sapl/public/materialegislativa/1996/11193/projeto_de_lei_055.pdf,https://sapl.uba.mg.leg.br/media/sapl/public/materialegislativa/1996/11193/projeto_de_lei_055.pdf,Existencia institucional e pagamentos historicos nao identificam prestador; sem vinculo CNES direto nos oito anos. Inaptidao cadastral nao prova data de encerramento assistencial.,ftp://ftp.datasus.gov.br/dissemin/publicos/CNES/200508_/Dados/ST/STMG1912.dbc,5f579d94f5d00389191753c0f955755bb7723006a0ca2fa2cad709f4b61f4837,201912,FALSE,CNES direto por CNPJ em dezembro; ausencia nao prova inexistencia de atendimento terceirizado.,2026-09-24
13985869,2020,CISSUL,original_84,143,8933195.56,sem_classificacao_anual_no_painel,movel_regulacao_ou_transporte,samu_regional_documentado,especificacao_movel_com_vigencia_propria,1,1,7659873 | 9774297,42 | 76,317070,,2015-01-31,Relato institucional retrospectivo identifica inicio da operacao em 31 de janeiro de 2015,evidencias/fontes_conciliacao_2026_09_24.csv#cissul_inicio,https://cissul.saude.mg.gov.br/2025/cissul-samu-celebra-10-anos-e-inicia-novo-ciclo-de-conquistas/,https://www.saude.mg.gov.br/noticias/abertura-de-treinamento-para-samu-acontece-em-varginha/ | https://www.saude.mg.gov.br/wp-content/uploads/2014/11/A_agenda_da_saude_publica_WEB-726.pdf,2014,ftp://ftp.datasus.gov.br/dissemin/publicos/CNES/200508_/Dados/ST/STMG2012.dbc,df4f19cf7d33ebf4599d1567fa724e14e8284b326f3e6fa86b371055c6882dd8,202012,FALSE,CNES direto por CNPJ em dezembro; ausencia nao prova inexistencia de atendimento terceirizado. Nao mede continuidade diaria nem prova inexistencia de outras atividades antes dessa data,2026-09-24
17813026,2020,CISDESTE,original_84,94,8563590.33,sem_classificacao_anual_no_painel,movel_regulacao_ou_transporte,oferta_movel_cadastrada,especificacao_movel; nao_usar_central_como_clinica,39,1,7476809 | 7478267 | 7539932 | 7539940 | 7539967 | 7539975 | 7539983 | 7539991 | 7540000 | 7540019 | 7540035 | 7541090 | 7541104 | 7541120 | 7545509 | 7545517 | 7548044 | 7548052 | 7548109 | 7548125 | 7548133 | 7570678 | 7572085 | 7572336 | 7572379 | 7572387 | 7572417 | 7572425 | 7575289 | 7575319 | 7588348 | 7588356 | 7588364 | 7588372 | 7588399 | 7588402 | 7588410 | 7588429 | 7588437 | 7594488,42 | 76,310150 | 310280 | 310460 | 310690 | 310750 | 311330 | 311530 | 312400 | 312420 | 312595 | 312738 | 313670 | 313800 | 313840 | 313860 | 314080 | 314220 | 314390 | 314820 | 315580 | 315590 | 316070 | 316290 | 316570 | 316990 | 317200,,,Ha unidades moveis diretamente vinculadas na competencia de dezembro.,CNES_ST_dezembro,,,,ftp://ftp.datasus.gov.br/dissemin/publicos/CNES/200508_/Dados/ST/STMG2012.dbc,df4f19cf7d33ebf4599d1567fa724e14e8284b326f3e6fa86b371055c6882dd8,202012,FALSE,CNES direto por CNPJ em dezembro; ausencia nao prova inexistencia de atendimento terceirizado.,2026-09-24
20059618,2020,CIS-URG OESTE,original_84,53,8306741.3,sem_classificacao_anual_no_painel,movel_regulacao_ou_transporte,samu_regional_documentado,especificacao_movel_com_vigencia_propria,32,1,0269425 | 7997876 | 9317430 | 9317449 | 9323635 | 9323643 | 9323651 | 9323678 | 9323686 | 9323694 | 9323708 | 9337253 | 9337261 | 9337296 | 9337318 | 9337326 | 9337334 | 9337342 | 9337350 | 9337377 | 9337385 | 9337393 | 9337407 | 9337415 | 9337423 | 9337512 | 9337717 | 9337733 | 9337768 | 9337776 | 9346139 | 9346147 | 9346155,42 | 76,310420 | 310510 | 310740 | 311120 | 311200 | 311450 | 311660 | 312230 | 312320 | 312610 | 313220 | 313350 | 313380 | 313720 | 313880 | 314050 | 314520 | 314560 | 314650 | 314710 | 315050 | 315140 | 315990 | 316040,,2017-06-07,Relato institucional distingue criacao em 2014 e inicio dos atendimentos em 7 de junho de 2017,evidencias/fontes_conciliacao_2026_09_24.csv#cisurg_inicio,https://cisurg.oeste.mg.gov.br/07-anos-de-funcionamento-do-samu-gerenciado-pelo-cis-urg-oeste/,https://cisurg.oeste.mg.gov.br/07-anos-de-funcionamento-do-samu-gerenciado-pelo-cis-urg-oeste/ | https://cisurg.oeste.mg.gov.br/?gnm_paged=64,2014-2015,ftp://ftp.datasus.gov.br/dissemin/publicos/CNES/200508_/Dados/ST/STMG2012.dbc,df4f19cf7d33ebf4599d1567fa724e14e8284b326f3e6fa86b371055c6882dd8,202012,FALSE,CNES direto por CNPJ em dezembro; ausencia nao prova inexistencia de atendimento terceirizado. Nao retroagir a expansao territorial de 2022; ano inicial tem disponibilidade parcial,2026-09-24
97550393,2020,CIAS - CONSORCIO INTERMUNICIPAL DE SAUDE,original_84,19,7822821.05,sem_evidencia_suficiente_de_polo_no_ano,demais_sem_destino_clinico_suficientemente_documentado,sem_evidencia_suficiente_de_polo_no_ano,excluir_da_especificacao_de_destino_fixo,0,0,,,,,,CNES historico: hospital-dia em Santa Luzia em dezembro de 2014 e janeiro de 2015. Termo assinado em 2024 refere explicitamente regulacao SAMU em 2021-2022; nao identifica hospital ou bases anuais.,outputs/decisoes_documentais_91_entidades_ano.csv; evidencias/decisoes_sete_entidades_2026_09_10.csv,https://dom.santaluzia.mg.gov.br/?mec-events=termo-de-ajuste-de-contas-6,https://dom.santaluzia.mg.gov.br/?mec-events=termo-de-ajuste-de-contas-6,CNES historico: hospital-dia em Santa Luzia em dezembro de 2014 e janeiro de 2015. Termo assinado em 2024 refere explicitamente regulacao SAMU em 2021-2022; nao identifica hospital ou bases anuais.,ftp://ftp.datasus.gov.br/dissemin/publicos/CNES/200508_/Dados/ST/STMG2012.dbc,df4f19cf7d33ebf4599d1567fa724e14e8284b326f3e6fa86b371055c6882dd8,202012,FALSE,CNES direto por CNPJ em dezembro; ausencia nao prova inexistencia de atendimento terceirizado.,2026-09-24
20101246,2020,CONSURGE,original_84,31,6605776.4,sem_classificacao_anual_no_painel,movel_regulacao_ou_transporte,inicio_samu_durante_ano,especificacao_movel_com_vigencia_propria,0,1,7498268,81,312770,,2020-12-28,Relatorio estadual de 2021 registra inauguracao em 28 de dezembro de 2020 e distingue a primeira da segunda fase,evidencias/fontes_conciliacao_2026_09_24.csv#consurge_inicio,https://www.saude.mg.gov.br/wp-content/uploads/2021/01/2o-RDQA-2021-Volume-I-CES-7bb.pdf,,,ftp://ftp.datasus.gov.br/dissemin/publicos/CNES/200508_/Dados/ST/STMG2012.dbc,df4f19cf7d33ebf4599d1567fa724e14e8284b326f3e6fa86b371055c6882dd8,202012,FALSE,CNES direto por CNPJ em dezembro; ausencia nao prova inexistencia de atendimento terceirizado. Inauguracao no fim do ano nao comprova disponibilidade integral em 2020 nem cobertura da segunda fase,2026-09-24
11636961,2020,CISRUN,original_84,71,4294998.58,sem_classificacao_anual_no_painel,movel_regulacao_ou_transporte,oferta_movel_cadastrada,especificacao_movel; nao_usar_central_como_clinica,56,1,5500303 | 6972632 | 7699409 | 7699417 | 7699425 | 7699433 | 7699441 | 7699549 | 7699557 | 7699565 | 7699581 | 7720874 | 7738730 | 7738749 | 7738757 | 7738765 | 7738773 | 7738781 | 7739133 | 7739141 | 7739206 | 7739230 | 7739257 | 7739265 | 7739273 | 7739281 | 7739370 | 7739389 | 7739397 | 7739400 | 7739419 | 7739427 | 7739435 | 7739443 | 7739451 | 7739478 | 7739486 | 7739494 | 7739508 | 7739516 | 7739524 | 7739532 | 7739540 | 7739559 | 7739567 | 7739575 | 7739583 | 7740980 | 9642013 | 9907564 | 9907580 | 9907599 | 9907602 | 9907769 | 9907777 | 9907785 | 9940855,42 | 76,310665 | 310730 | 310825 | 310860 | 311270 | 311880 | 312030 | 312087 | 312430 | 312660 | 312670 | 312733 | 312960 | 313200 | 313210 | 313505 | 313510 | 313520 | 313930 | 314100 | 314200 | 314225 | 314270 | 314290 | 314330 | 314345 | 314545 | 315057 | 315120 | 315213 | 315220 | 315560 | 315700 | 316110 | 316240 | 316270 | 316420 | 316800 | 317080 | 317090 | 317103,,,Ha unidades moveis diretamente vinculadas na competencia de dezembro.,CNES_ST_dezembro,,,,ftp://ftp.datasus.gov.br/dissemin/publicos/CNES/200508_/Dados/ST/STMG2012.dbc,df4f19cf7d33ebf4599d1567fa724e14e8284b326f3e6fa86b371055c6882dd8,202012,FALSE,CNES direto por CNPJ em dezembro; ausencia nao prova inexistencia de atendimento terceirizado.,2026-09-24
11938399,2020,CISRU-CENTRO SUL,original_84,50,2924667.65,sem_classificacao_anual_no_painel,movel_regulacao_ou_transporte,oferta_movel_cadastrada,especificacao_movel; nao_usar_central_como_clinica,23,1,7003102 | 7042353 | 7042361 | 7042388 | 7042396 | 7042477 | 7042485 | 7042493 | 7042507 | 7042515 | 7042523 | 7042531 | 7048718 | 7048726 | 7048742 | 7048750 | 7048769 | 7048777 | 7048785 | 7048793 | 7048815 | 7048904 | 7048912 | 9895884,42 | 76,310210 | 310560 | 310590 | 311320 | 311800 | 311830 | 312390 | 312940 | 313740 | 313910 | 314450 | 314590 | 315080 | 315420 | 315520 | 316250 | 316500 | 316880,,,Ha unidades moveis diretamente vinculadas na competencia de dezembro.,CNES_ST_dezembro,,,,ftp://ftp.datasus.gov.br/dissemin/publicos/CNES/200508_/Dados/ST/STMG2012.dbc,df4f19cf7d33ebf4599d1567fa724e14e8284b326f3e6fa86b371055c6882dd8,202012,FALSE,CNES direto por CNPJ em dezembro; ausencia nao prova inexistencia de atendimento terceirizado.,2026-09-24
19455924,2020,CISTRI,original_84,26,2315283.48,sem_classificacao_anual_no_painel,movel_regulacao_ou_transporte,samu_regional_documentado,especificacao_movel_com_vigencia_propria,21,1,9502904 | 9561889 | 9561897 | 9561900 | 9561919 | 9561927 | 9561935 | 9561943 | 9561978 | 9561986 | 9561994 | 9562001 | 9562036 | 9562044 | 9562052 | 9562060 | 9562079 | 9562087 | 9562095 | 9562109 | 9562141 | 9562168,42 | 76,310350 | 311110 | 311260 | 311580 | 311930 | 312480 | 312910 | 313160 | 313420 | 314280 | 314310 | 314500 | 314810 | 315280 | 315980 | 316960 | 317020,,2018-07-03,Historia institucional registra implantacao somente em 3 de julho de 2018 depois de fase de preparacao,evidencias/fontes_conciliacao_2026_09_24.csv#cistri_inicio,https://cistri.saude.mg.gov.br/cistri/historia/,https://cistri.saude.mg.gov.br/cistri/historia/,2014-2017,ftp://ftp.datasus.gov.br/dissemin/publicos/CNES/200508_/Dados/ST/STMG2012.dbc,df4f19cf7d33ebf4599d1567fa724e14e8284b326f3e6fa86b371055c6882dd8,202012,FALSE,CNES direto por CNPJ em dezembro; ausencia nao prova inexistencia de atendimento terceirizado. Nao converter veiculos doados em 2016 em operacao assistencial naquele ano,2026-09-24
01124788,2020,CONSARDOCE,candidata_externa_13,5,2130967.78,sem_classificacao_anual_no_painel,demais_sem_destino_clinico_suficientemente_documentado,sem_vinculo_direto_identificado,localizar_prestador_e_vigencia; manter_sem_tempo_clinico,0,0,,,,,,Sem clinica diretamente vinculada recuperada para dezembro; consultar fonte contextual sem retroacao.,CNES_historico_e_contexto_documental,,https://tcnotas.tce.mg.gov.br/tcjuris/Nota/BuscarArquivo/1751650 | https://portal-antigo.saude.mg.gov.br/resolucoes/story/20387-consorcios-intermunicipais-de-saude-da-macro-leste-participam-de-encontro-promovido-pela-regional-de-valadares,2017,ftp://ftp.datasus.gov.br/dissemin/publicos/CNES/200508_/Dados/ST/STMG2012.dbc,df4f19cf7d33ebf4599d1567fa724e14e8284b326f3e6fa86b371055c6882dd8,202012,FALSE,CNES direto por CNPJ em dezembro; ausencia nao prova inexistencia de atendimento terceirizado.,2026-09-24
13220150,2020,CISNORJE,original_84,60,2019674.68,sem_classificacao_anual_no_painel,movel_regulacao_ou_transporte,oferta_movel_cadastrada,especificacao_movel; nao_usar_central_como_clinica,38,1,0302880 | 0302953 | 0428949 | 7096313 | 7135017 | 7135343 | 9110763 | 9110771 | 9110798 | 9110801 | 9110828 | 9110836 | 9110844 | 9110852 | 9110860 | 9110879 | 9110887 | 9110895 | 9110909 | 9110917 | 9110925 | 9110933 | 9110941 | 9110968 | 9110984 | 9111018 | 9111026 | 9111034 | 9111042 | 9111050 | 9826718 | 9849548 | 9853219 | 9901493 | 9903690 | 9903704 | 9907807 | 9918620 | 9947752,42 | 76,310090 | 310170 | 310340 | 311230 | 311370 | 311610 | 312160 | 312235 | 312550 | 312560 | 312650 | 313250 | 313270 | 313330 | 313470 | 313580 | 313600 | 313652 | 313700 | 313920 | 314140 | 314180 | 314430 | 314530 | 314630 | 314850 | 314870 | 315217 | 316710 | 316860 | 316970,,,Ha unidades moveis diretamente vinculadas na competencia de dezembro.,CNES_ST_dezembro,,,,ftp://ftp.datasus.gov.br/dissemin/publicos/CNES/200508_/Dados/ST/STMG2012.dbc,df4f19cf7d33ebf4599d1567fa724e14e8284b326f3e6fa86b371055c6882dd8,202012,FALSE,CNES direto por CNPJ em dezembro; ausencia nao prova inexistencia de atendimento terceirizado.,2026-09-24
20310169,2020,CISTRISUL,original_84,26,436407.93,servico_aeromedico_movel_documentado,movel_regulacao_ou_transporte,servico_aeromedico_movel_documentado,excluir_destino_clinico_fixo,0,0,,,,,,O servico aeromedico com base em Uberaba operou desde 2019; o SAMU terrestre regional so iniciou em dezembro de 2025,outputs/decisoes_documentais_91_entidades_ano.csv; evidencias/decisoes_sete_entidades_2026_09_10.csv,https://cistrisul.mg.gov.br/cistrisul-institucional.html,https://cistrisul.mg.gov.br/cistrisul-institucional.html | https://irp.cdn-website.com/28209a80/files/uploaded/003_-_ATA_E_TERMO_POSSE_CISTRISUL_2020_-_20-05-20.pdf,2019-2021,ftp://ftp.datasus.gov.br/dissemin/publicos/CNES/200508_/Dados/ST/STMG2012.dbc,df4f19cf7d33ebf4599d1567fa724e14e8284b326f3e6fa86b371055c6882dd8,202012,FALSE,CNES direto por CNPJ em dezembro; ausencia nao prova inexistencia de atendimento terceirizado.,2026-09-24
20433216,2020,CISREUNO,original_84,15,256762.4,sem_classificacao_anual_no_painel,fase_anterior_operacao_samu,pre_operacao_samu_regional,preservar_pagamento_de_fase_pre_operacional,0,1,9187170,81,314800,,2022-10,Portal distingue inicio das atividades em janeiro de 2015 e implantacao oficial em outubro de 2022,evidencias/fontes_conciliacao_2026_09_24.csv#cisreuno_inicio,https://cisreuno.saude.mg.gov.br/cisreuno/institucional/,https://cisreuno.saude.mg.gov.br/cisreuno/institucional/ | https://cisreuno.saude.mg.gov.br/cisreuno/resolucoes/,2015-2016,ftp://ftp.datasus.gov.br/dissemin/publicos/CNES/200508_/Dados/ST/STMG2012.dbc,df4f19cf7d33ebf4599d1567fa724e14e8284b326f3e6fa86b371055c6882dd8,202012,FALSE,CNES direto por CNPJ em dezembro; ausencia nao prova inexistencia de atendimento terceirizado. A data de implantacao e posterior a janela; nao prova ausencia de toda atividade administrativa ou outro servico anterior,2026-09-24
23866705,2020,CISVALES,original_84,2,255896.72,implantacao_planejada_operacao_nao_comprovada,demais_sem_destino_clinico_suficientemente_documentado,implantacao_planejada_operacao_nao_comprovada,excluir_da_especificacao_de_destino_fixo,0,0,,,,,,Audiencia de 2019 discute implantacao do SAMU. Nao ha unidade fixa diretamente ligada nos oito dezembros; planejamento nao comprova operacao nem capacidade.,outputs/decisoes_documentais_91_entidades_ano.csv; evidencias/decisoes_sete_entidades_2026_09_10.csv,https://www.almg.gov.br/projetos-de-lei/RQC/294/2019,https://www.almg.gov.br/projetos-de-lei/RQC/294/2019,Audiencia de 2019 discute implantacao do SAMU. Nao ha unidade fixa diretamente ligada nos oito dezembros; planejamento nao comprova operacao nem capacidade.,ftp://ftp.datasus.gov.br/dissemin/publicos/CNES/200508_/Dados/ST/STMG2012.dbc,df4f19cf7d33ebf4599d1567fa724e14e8284b326f3e6fa86b371055c6882dd8,202012,FALSE,CNES direto por CNPJ em dezembro; ausencia nao prova inexistencia de atendimento terceirizado.,2026-09-24
64486822,2020,CONSORCIO INTERMUNICIPAL DE SAUDE DO ALTO SAO FRANCISCO,original_84,3,88574.9,sem_evidencia_suficiente_de_polo_no_ano,demais_sem_destino_clinico_suficientemente_documentado,sem_evidencia_suficiente_de_polo_no_ano,excluir_da_especificacao_de_destino_fixo,0,0,,,,,,CNES historico liga hospital em Moema ao CNPJ em dezembro de 2014-2016 com 26 leitos SUS; portaria corrobora identidade do hospital. Presenca em parte de 2017 nao equivale a dezembro.,outputs/decisoes_documentais_91_entidades_ano.csv; evidencias/decisoes_sete_entidades_2026_09_10.csv,https://bvsms.saude.gov.br/bvs/saudelegis/gm/2015/prt2139_18_12_2015.html,https://bvsms.saude.gov.br/bvs/saudelegis/gm/2015/prt2139_18_12_2015.html,CNES historico liga hospital em Moema ao CNPJ em dezembro de 2014-2016 com 26 leitos SUS; portaria corrobora identidade do hospital. Presenca em parte de 2017 nao equivale a dezembro.,ftp://ftp.datasus.gov.br/dissemin/publicos/CNES/200508_/Dados/ST/STMG2012.dbc,df4f19cf7d33ebf4599d1567fa724e14e8284b326f3e6fa86b371055c6882dd8,202012,FALSE,CNES direto por CNPJ em dezembro; ausencia nao prova inexistencia de atendimento terceirizado.,2026-09-24
31974558,2020,CISAME,original_84,3,46200,rede_indireta_documentada_no_periodo,redes_indiretas_ou_programas,rede_indireta_documentada_no_periodo,excluir_destino_fixo,0,0,,,,,,Edital de 2019 credenciou pessoas fisicas e juridicas para consultas especializadas e exames em 2019-2020; nao fixa um prestador ou destino unico,outputs/decisoes_documentais_91_entidades_ano.csv; evidencias/decisoes_sete_entidades_2026_09_10.csv,https://www.ammecimme.org.br/wp-content/uploads/2019/11/Edital-CISAME-01.2019-Credenciamento.pdf,https://www.ammecimme.org.br/wp-content/uploads/2019/11/Edital-CISAME-01.2019-Credenciamento.pdf | https://www.cisame.mg.gov.br/contato/duvidas-frequentes/,2019-2020,ftp://ftp.datasus.gov.br/dissemin/publicos/CNES/200508_/Dados/ST/STMG2012.dbc,df4f19cf7d33ebf4599d1567fa724e14e8284b326f3e6fa86b371055c6882dd8,202012,FALSE,CNES direto por CNPJ em dezembro; ausencia nao prova inexistencia de atendimento terceirizado.,2026-09-24
00840724,2020,CIS/UBA,original_84,1,10189,historica_sem_polo_documentado,historicas_sem_polo,historica_sem_polo_documentado,excluir_da_especificacao_de_destino_fixo,0,0,,,,,,Existencia institucional e pagamentos historicos nao identificam prestador; sem vinculo CNES direto nos oito anos. Inaptidao cadastral nao prova data de encerramento assistencial.,outputs/decisoes_documentais_91_entidades_ano.csv; evidencias/decisoes_sete_entidades_2026_09_10.csv,https://sapl.uba.mg.leg.br/media/sapl/public/materialegislativa/1996/11193/projeto_de_lei_055.pdf,https://sapl.uba.mg.leg.br/media/sapl/public/materialegislativa/1996/11193/projeto_de_lei_055.pdf,Existencia institucional e pagamentos historicos nao identificam prestador; sem vinculo CNES direto nos oito anos. Inaptidao cadastral nao prova data de encerramento assistencial.,ftp://ftp.datasus.gov.br/dissemin/publicos/CNES/200508_/Dados/ST/STMG2012.dbc,df4f19cf7d33ebf4599d1567fa724e14e8284b326f3e6fa86b371055c6882dd8,202012,FALSE,CNES direto por CNPJ em dezembro; ausencia nao prova inexistencia de atendimento terceirizado.,2026-09-24
20059618,2021,CIS-URG OESTE,original_84,52,9472938.85,sem_classificacao_anual_no_painel,movel_regulacao_ou_transporte,samu_regional_documentado,especificacao_movel_com_vigencia_propria,32,1,0269425 | 0878294 | 7997876 | 9317430 | 9317449 | 9323635 | 9323643 | 9323651 | 9323678 | 9323686 | 9323694 | 9323708 | 9337253 | 9337261 | 9337296 | 9337326 | 9337334 | 9337342 | 9337350 | 9337377 | 9337385 | 9337393 | 9337407 | 9337415 | 9337423 | 9337512 | 9337717 | 9337733 | 9337768 | 9337776 | 9346139 | 9346147 | 9346155,42 | 76,310420 | 310510 | 310740 | 311120 | 311200 | 311450 | 311660 | 312020 | 312230 | 312320 | 312610 | 313220 | 313350 | 313380 | 313720 | 313880 | 314050 | 314520 | 314560 | 314650 | 314710 | 315140 | 315990 | 316040,,2017-06-07,Relato institucional distingue criacao em 2014 e inicio dos atendimentos em 7 de junho de 2017,evidencias/fontes_conciliacao_2026_09_24.csv#cisurg_inicio,https://cisurg.oeste.mg.gov.br/07-anos-de-funcionamento-do-samu-gerenciado-pelo-cis-urg-oeste/,https://cisurg.oeste.mg.gov.br/07-anos-de-funcionamento-do-samu-gerenciado-pelo-cis-urg-oeste/ | https://cisurg.oeste.mg.gov.br/?gnm_paged=64,2014-2015,ftp://ftp.datasus.gov.br/dissemin/publicos/CNES/200508_/Dados/ST/STMG2112.dbc,333819fbfcd8b7dc21672eeb6ecca332c3f6fcaf1d24d2bb24f42ba777ff253a,202112,FALSE,CNES direto por CNPJ em dezembro; ausencia nao prova inexistencia de atendimento terceirizado. Nao retroagir a expansao territorial de 2022; ano inicial tem disponibilidade parcial,2026-09-24
13985869,2021,CISSUL,original_84,145,8275405.16,sem_classificacao_anual_no_painel,movel_regulacao_ou_transporte,samu_regional_documentado,especificacao_movel_com_vigencia_propria,1,1,7659873 | 9774297,42 | 76,317070,,2015-01-31,Relato institucional retrospectivo identifica inicio da operacao em 31 de janeiro de 2015,evidencias/fontes_conciliacao_2026_09_24.csv#cissul_inicio,https://cissul.saude.mg.gov.br/2025/cissul-samu-celebra-10-anos-e-inicia-novo-ciclo-de-conquistas/,https://www.saude.mg.gov.br/noticias/abertura-de-treinamento-para-samu-acontece-em-varginha/ | https://www.saude.mg.gov.br/wp-content/uploads/2014/11/A_agenda_da_saude_publica_WEB-726.pdf,2014,ftp://ftp.datasus.gov.br/dissemin/publicos/CNES/200508_/Dados/ST/STMG2112.dbc,333819fbfcd8b7dc21672eeb6ecca332c3f6fcaf1d24d2bb24f42ba777ff253a,202112,FALSE,CNES direto por CNPJ em dezembro; ausencia nao prova inexistencia de atendimento terceirizado. Nao mede continuidade diaria nem prova inexistencia de outras atividades antes dessa data,2026-09-24
17813026,2021,CISDESTE,original_84,93,5907173.63,sem_classificacao_anual_no_painel,movel_regulacao_ou_transporte,oferta_movel_cadastrada,especificacao_movel; nao_usar_central_como_clinica,39,1,7476809 | 7478267 | 7539932 | 7539940 | 7539967 | 7539975 | 7539983 | 7539991 | 7540000 | 7540019 | 7540035 | 7541090 | 7541104 | 7541120 | 7545509 | 7545517 | 7548044 | 7548052 | 7548109 | 7548125 | 7548133 | 7570678 | 7572085 | 7572336 | 7572379 | 7572387 | 7572417 | 7572425 | 7575289 | 7575319 | 7588348 | 7588356 | 7588364 | 7588372 | 7588399 | 7588402 | 7588410 | 7588429 | 7588437 | 7594488,42 | 76,310150 | 310280 | 310460 | 310690 | 310750 | 311330 | 311530 | 312400 | 312420 | 312595 | 312738 | 313670 | 313800 | 313840 | 313860 | 314080 | 314220 | 314390 | 314820 | 315580 | 315590 | 316070 | 316290 | 316570 | 316990 | 317200,,,Ha unidades moveis diretamente vinculadas na competencia de dezembro.,CNES_ST_dezembro,,,,ftp://ftp.datasus.gov.br/dissemin/publicos/CNES/200508_/Dados/ST/STMG2112.dbc,333819fbfcd8b7dc21672eeb6ecca332c3f6fcaf1d24d2bb24f42ba777ff253a,202112,FALSE,CNES direto por CNPJ em dezembro; ausencia nao prova inexistencia de atendimento terceirizado.,2026-09-24
11938399,2021,CISRU-CENTRO SUL,original_84,50,4822796.92,sem_classificacao_anual_no_painel,movel_regulacao_ou_transporte,oferta_movel_cadastrada,especificacao_movel; nao_usar_central_como_clinica,23,1,7003102 | 7042353 | 7042361 | 7042388 | 7042396 | 7042477 | 7042485 | 7042493 | 7042507 | 7042515 | 7042523 | 7042531 | 7048718 | 7048726 | 7048742 | 7048750 | 7048769 | 7048777 | 7048785 | 7048793 | 7048815 | 7048904 | 7048912 | 9895884,42 | 76,310210 | 310560 | 310590 | 311320 | 311800 | 311830 | 312390 | 312940 | 313740 | 313910 | 314450 | 314590 | 315080 | 315420 | 315520 | 316250 | 316500 | 316880,,,Ha unidades moveis diretamente vinculadas na competencia de dezembro.,CNES_ST_dezembro,,,,ftp://ftp.datasus.gov.br/dissemin/publicos/CNES/200508_/Dados/ST/STMG2112.dbc,333819fbfcd8b7dc21672eeb6ecca332c3f6fcaf1d24d2bb24f42ba777ff253a,202112,FALSE,CNES direto por CNPJ em dezembro; ausencia nao prova inexistencia de atendimento terceirizado.,2026-09-24
20101246,2021,CONSURGE,original_84,50,4139616.87,sem_classificacao_anual_no_painel,movel_regulacao_ou_transporte,samu_regional_documentado,especificacao_movel_com_vigencia_propria,14,1,0558699 | 0558710 | 0558745 | 0558761 | 0558788 | 0558796 | 0600105 | 0600113 | 0600121 | 0600148 | 0603112 | 0603120 | 0603139 | 0603147 | 7498268,42 | 76,310630 | 311340 | 311940 | 312770 | 313960 | 314860 | 315430 | 315820 | 316280 | 316840 | 316870,,2020-12-28,Relatorio estadual de 2021 registra inauguracao em 28 de dezembro de 2020 e distingue a primeira da segunda fase,evidencias/fontes_conciliacao_2026_09_24.csv#consurge_inicio,https://www.saude.mg.gov.br/wp-content/uploads/2021/01/2o-RDQA-2021-Volume-I-CES-7bb.pdf,,,ftp://ftp.datasus.gov.br/dissemin/publicos/CNES/200508_/Dados/ST/STMG2112.dbc,333819fbfcd8b7dc21672eeb6ecca332c3f6fcaf1d24d2bb24f42ba777ff253a,202112,FALSE,CNES direto por CNPJ em dezembro; ausencia nao prova inexistencia de atendimento terceirizado. Inauguracao no fim do ano nao comprova disponibilidade integral em 2020 nem cobertura da segunda fase,2026-09-24
97550393,2021,CIAS - CONSORCIO INTERMUNICIPAL DE SAUDE,original_84,13,3973353.17,samu_regulacao_documentada_sem_polo_fixo,movel_regulacao_ou_transporte,samu_regulacao_documentada_sem_polo_fixo,excluir_da_especificacao_de_destino_fixo,0,0,,,,,,CNES historico: hospital-dia em Santa Luzia em dezembro de 2014 e janeiro de 2015. Termo assinado em 2024 refere explicitamente regulacao SAMU em 2021-2022; nao identifica hospital ou bases anuais.,outputs/decisoes_documentais_91_entidades_ano.csv; evidencias/decisoes_sete_entidades_2026_09_10.csv,https://dom.santaluzia.mg.gov.br/?mec-events=termo-de-ajuste-de-contas-6,https://dom.santaluzia.mg.gov.br/?mec-events=termo-de-ajuste-de-contas-6,CNES historico: hospital-dia em Santa Luzia em dezembro de 2014 e janeiro de 2015. Termo assinado em 2024 refere explicitamente regulacao SAMU em 2021-2022; nao identifica hospital ou bases anuais.,ftp://ftp.datasus.gov.br/dissemin/publicos/CNES/200508_/Dados/ST/STMG2112.dbc,333819fbfcd8b7dc21672eeb6ecca332c3f6fcaf1d24d2bb24f42ba777ff253a,202112,FALSE,CNES direto por CNPJ em dezembro; ausencia nao prova inexistencia de atendimento terceirizado.,2026-09-24
11636961,2021,CISRUN,original_84,78,3761748.25,sem_classificacao_anual_no_painel,movel_regulacao_ou_transporte,oferta_movel_cadastrada,especificacao_movel; nao_usar_central_como_clinica,56,1,5500303 | 6972632 | 7699409 | 7699417 | 7699425 | 7699433 | 7699441 | 7699549 | 7699557 | 7699565 | 7699581 | 7720874 | 7738730 | 7738749 | 7738757 | 7738765 | 7738773 | 7738781 | 7739133 | 7739141 | 7739206 | 7739230 | 7739257 | 7739265 | 7739273 | 7739281 | 7739370 | 7739389 | 7739397 | 7739400 | 7739419 | 7739427 | 7739435 | 7739443 | 7739451 | 7739478 | 7739486 | 7739494 | 7739508 | 7739516 | 7739524 | 7739532 | 7739540 | 7739559 | 7739567 | 7739575 | 7739583 | 7740980 | 9642013 | 9907564 | 9907580 | 9907599 | 9907602 | 9907769 | 9907777 | 9907785 | 9940855,42 | 76,310665 | 310730 | 310825 | 310860 | 311270 | 311880 | 312030 | 312087 | 312430 | 312660 | 312670 | 312733 | 312960 | 313200 | 313210 | 313505 | 313510 | 313520 | 313930 | 314100 | 314200 | 314225 | 314270 | 314290 | 314330 | 314345 | 314545 | 315057 | 315120 | 315213 | 315220 | 315560 | 315700 | 316110 | 316240 | 316270 | 316420 | 316800 | 317080 | 317090 | 317103,,,Ha unidades moveis diretamente vinculadas na competencia de dezembro.,CNES_ST_dezembro,,,,ftp://ftp.datasus.gov.br/dissemin/publicos/CNES/200508_/Dados/ST/STMG2112.dbc,333819fbfcd8b7dc21672eeb6ecca332c3f6fcaf1d24d2bb24f42ba777ff253a,202112,FALSE,CNES direto por CNPJ em dezembro; ausencia nao prova inexistencia de atendimento terceirizado.,2026-09-24
01124788,2021,CONSARDOCE,candidata_externa_13,5,2638367.24,sem_classificacao_anual_no_painel,demais_sem_destino_clinico_suficientemente_documentado,sem_vinculo_direto_identificado,localizar_prestador_e_vigencia; manter_sem_tempo_clinico,0,0,,,,,,Sem clinica diretamente vinculada recuperada para dezembro; consultar fonte contextual sem retroacao.,CNES_historico_e_contexto_documental,,https://tcnotas.tce.mg.gov.br/tcjuris/Nota/BuscarArquivo/1751650 | https://portal-antigo.saude.mg.gov.br/resolucoes/story/20387-consorcios-intermunicipais-de-saude-da-macro-leste-participam-de-encontro-promovido-pela-regional-de-valadares,2017,ftp://ftp.datasus.gov.br/dissemin/publicos/CNES/200508_/Dados/ST/STMG2112.dbc,333819fbfcd8b7dc21672eeb6ecca332c3f6fcaf1d24d2bb24f42ba777ff253a,202112,FALSE,CNES direto por CNPJ em dezembro; ausencia nao prova inexistencia de atendimento terceirizado.,2026-09-24
19455924,2021,CISTRI,original_84,24,2636121.53,sem_classificacao_anual_no_painel,movel_regulacao_ou_transporte,samu_regional_documentado,especificacao_movel_com_vigencia_propria,21,1,9502904 | 9561889 | 9561897 | 9561900 | 9561919 | 9561927 | 9561935 | 9561943 | 9561978 | 9561986 | 9561994 | 9562001 | 9562036 | 9562044 | 9562052 | 9562060 | 9562079 | 9562087 | 9562095 | 9562109 | 9562141 | 9562168,42 | 76,310350 | 311110 | 311260 | 311580 | 311930 | 312480 | 312910 | 313160 | 313420 | 314280 | 314310 | 314500 | 314810 | 315280 | 315980 | 316960 | 317020,,2018-07-03,Historia institucional registra implantacao somente em 3 de julho de 2018 depois de fase de preparacao,evidencias/fontes_conciliacao_2026_09_24.csv#cistri_inicio,https://cistri.saude.mg.gov.br/cistri/historia/,https://cistri.saude.mg.gov.br/cistri/historia/,2014-2017,ftp://ftp.datasus.gov.br/dissemin/publicos/CNES/200508_/Dados/ST/STMG2112.dbc,333819fbfcd8b7dc21672eeb6ecca332c3f6fcaf1d24d2bb24f42ba777ff253a,202112,FALSE,CNES direto por CNPJ em dezembro; ausencia nao prova inexistencia de atendimento terceirizado. Nao converter veiculos doados em 2016 em operacao assistencial naquele ano,2026-09-24
13220150,2021,CISNORJE,original_84,64,1947317.36,sem_classificacao_anual_no_painel,movel_regulacao_ou_transporte,oferta_movel_cadastrada,especificacao_movel; nao_usar_central_como_clinica,38,1,0302880 | 0302953 | 0428949 | 7096313 | 7135017 | 7135343 | 9110763 | 9110771 | 9110798 | 9110801 | 9110828 | 9110836 | 9110844 | 9110852 | 9110860 | 9110879 | 9110887 | 9110895 | 9110909 | 9110917 | 9110925 | 9110933 | 9110941 | 9110968 | 9110984 | 9111018 | 9111026 | 9111034 | 9111042 | 9111050 | 9826718 | 9849548 | 9853219 | 9901493 | 9903690 | 9903704 | 9907807 | 9918620 | 9947752,42 | 76,310090 | 310170 | 310340 | 311230 | 311370 | 311610 | 312160 | 312235 | 312550 | 312560 | 312650 | 313250 | 313270 | 313330 | 313470 | 313580 | 313600 | 313652 | 313700 | 313920 | 314140 | 314180 | 314430 | 314530 | 314630 | 314850 | 314870 | 315217 | 316710 | 316860 | 316970,,,Ha unidades moveis diretamente vinculadas na competencia de dezembro.,CNES_ST_dezembro,,,,ftp://ftp.datasus.gov.br/dissemin/publicos/CNES/200508_/Dados/ST/STMG2112.dbc,333819fbfcd8b7dc21672eeb6ecca332c3f6fcaf1d24d2bb24f42ba777ff253a,202112,FALSE,CNES direto por CNPJ em dezembro; ausencia nao prova inexistencia de atendimento terceirizado.,2026-09-24
20310169,2021,CISTRISUL,original_84,27,477328.4,servico_aeromedico_movel_documentado,movel_regulacao_ou_transporte,servico_aeromedico_movel_documentado,excluir_destino_clinico_fixo,0,0,,,,,,O servico aeromedico com base em Uberaba operou desde 2019; o SAMU terrestre regional so iniciou em dezembro de 2025,outputs/decisoes_documentais_91_entidades_ano.csv; evidencias/decisoes_sete_entidades_2026_09_10.csv,https://cistrisul.mg.gov.br/cistrisul-institucional.html,https://cistrisul.mg.gov.br/cistrisul-institucional.html | https://irp.cdn-website.com/28209a80/files/uploaded/003_-_ATA_E_TERMO_POSSE_CISTRISUL_2020_-_20-05-20.pdf,2019-2021,ftp://ftp.datasus.gov.br/dissemin/publicos/CNES/200508_/Dados/ST/STMG2112.dbc,333819fbfcd8b7dc21672eeb6ecca332c3f6fcaf1d24d2bb24f42ba777ff253a,202112,FALSE,CNES direto por CNPJ em dezembro; ausencia nao prova inexistencia de atendimento terceirizado.,2026-09-24
20433216,2021,CISREUNO,original_84,14,325313.45,sem_classificacao_anual_no_painel,fase_anterior_operacao_samu,pre_operacao_samu_regional,preservar_pagamento_de_fase_pre_operacional,0,1,9187170,81,314800,,2022-10,Portal distingue inicio das atividades em janeiro de 2015 e implantacao oficial em outubro de 2022,evidencias/fontes_conciliacao_2026_09_24.csv#cisreuno_inicio,https://cisreuno.saude.mg.gov.br/cisreuno/institucional/,https://cisreuno.saude.mg.gov.br/cisreuno/institucional/ | https://cisreuno.saude.mg.gov.br/cisreuno/resolucoes/,2015-2016,ftp://ftp.datasus.gov.br/dissemin/publicos/CNES/200508_/Dados/ST/STMG2112.dbc,333819fbfcd8b7dc21672eeb6ecca332c3f6fcaf1d24d2bb24f42ba777ff253a,202112,FALSE,CNES direto por CNPJ em dezembro; ausencia nao prova inexistencia de atendimento terceirizado. A data de implantacao e posterior a janela; nao prova ausencia de toda atividade administrativa ou outro servico anterior,2026-09-24
31974558,2021,CISAME,original_84,3,249600,sem_classificacao_anual_no_painel,demais_sem_destino_clinico_suficientemente_documentado,somente_estrutura_nao_clinica_cadastrada,localizar_prestador_e_vigencia; manter_sem_tempo_clinico,0,1,0632821,68,311750,,,CNES de dezembro contem somente centrais de gestao ou regulacao.,CNES_ST_dezembro,,https://www.ammecimme.org.br/wp-content/uploads/2019/11/Edital-CISAME-01.2019-Credenciamento.pdf | https://www.cisame.mg.gov.br/contato/duvidas-frequentes/,2019-2020,ftp://ftp.datasus.gov.br/dissemin/publicos/CNES/200508_/Dados/ST/STMG2112.dbc,333819fbfcd8b7dc21672eeb6ecca332c3f6fcaf1d24d2bb24f42ba777ff253a,202112,FALSE,CNES direto por CNPJ em dezembro; ausencia nao prova inexistencia de atendimento terceirizado.,2026-09-24
02287790,2021,CONSORCIO INTERMUNICIPAL DE SAUDE DA REG FRONT ESTADOS DA BA. MG. E ES.,original_84,1,24379.69,historica_sem_polo_documentado,historicas_sem_polo,historica_sem_polo_documentado,excluir_da_especificacao_de_destino_fixo,0,0,,,,,,Registro institucional posterior nao prova oferta em 2014-2021; sem vinculo CNES direto nos oito anos.,outputs/decisoes_documentais_91_entidades_ano.csv; evidencias/decisoes_sete_entidades_2026_09_10.csv,https://doc.tce.mg.gov.br/Home/ViewDiario/2026_01_28_Diario.pdf,https://doc.tce.mg.gov.br/Home/ViewDiario/2026_01_28_Diario.pdf,Registro institucional posterior nao prova oferta em 2014-2021; sem vinculo CNES direto nos oito anos.,ftp://ftp.datasus.gov.br/dissemin/publicos/CNES/200508_/Dados/ST/STMG2112.dbc,333819fbfcd8b7dc21672eeb6ecca332c3f6fcaf1d24d2bb24f42ba777ff253a,202112,FALSE,CNES direto por CNPJ em dezembro; ausencia nao prova inexistencia de atendimento terceirizado.,2026-09-24
